"source_sitemap","source_url","target_url","decision","verification","owner","captured_date"
"product-sitemap.xml","https://holypearl.co.il/product/תפילין/","","Pending content review","Sitemap membership only; HTTP/indexation not verified","Content editor + SEO maintainer","2026-09-04"
"product-sitemap.xml","https://holypearl.co.il/product/טלית-צמר-רחלים-א-א-2/","","Pending content review","Sitemap membership only; HTTP/indexation not verified","Content editor + SEO maintainer","2026-09-04"
"product-sitemap.xml","https://holypearl.co.il/product/טלית-מהודרת/","","Pending content review","Sitemap membership only; HTTP/indexation not verified","Content editor + SEO maintainer","2026-09-04"
"product-sitemap.xml","https://holypearl.co.il/product/טלית-צמר-רחלים-א-א/","","Pending content review","Sitemap membership only; HTTP/indexation not verified","Content editor + SEO maintainer","2026-09-04"
"product-sitemap.xml","https://holypearl.co.il/product/טלית-צמר-רחלים-תשבץ/","","Pending content review","Sitemap membership only; HTTP/indexation not verified","Content editor + SEO maintainer","2026-09-04"
"product-sitemap.xml","https://holypearl.co.il/product/בית-מזוזה-מתכת-בצבע-נקי/","","Pending content review","Sitemap membership only; HTTP/indexation not verified","Content editor + SEO maintainer","2026-09-04"
"product-sitemap.xml","https://holypearl.co.il/product/קלף-למזוזה-נוסח-ספרדי/","","Pending content review","Sitemap membership only; HTTP/indexation not verified","Content editor + SEO maintainer","2026-09-04"
"product-sitemap.xml","https://holypearl.co.il/product/קלף-למזוזה-נוסח-אשכנזי/","","Pending content review","Sitemap membership only; HTTP/indexation not verified","Content editor + SEO maintainer","2026-09-04"
"product-sitemap.xml","https://holypearl.co.il/product/סידור-רינת-ישראל-עור-עתיק-מעובד/","","Pending content review","Sitemap membership only; HTTP/indexation not verified","Content editor + SEO maintainer","2026-09-04"
"product-sitemap.xml","https://holypearl.co.il/product/סטנדר-שולחן-מהודר/","","Pending content review","Sitemap membership only; HTTP/indexation not verified","Content editor + SEO maintainer","2026-09-04"
"product-sitemap.xml","https://holypearl.co.il/product/בדיקה-מזוזה-ותפילין/","","Pending content review","Sitemap membership only; HTTP/indexation not verified","Content editor + SEO maintainer","2026-09-04"
"product-sitemap.xml","https://holypearl.co.il/product/קופות-צדקה-פולי-עץ-לבן-ריבוע/","","Pending content review","Sitemap membership only; HTTP/indexation not verified","Content editor + SEO maintainer","2026-09-04"
"product-sitemap.xml","https://holypearl.co.il/product/קופות-צדקה-פולי-עץ-לבן-משושה/","","Pending content review","Sitemap membership only; HTTP/indexation not verified","Content editor + SEO maintainer","2026-09-04"
"product-sitemap.xml","https://holypearl.co.il/product/כוס-קידוש-בעיטור-אבני-חושן/","","Pending content review","Sitemap membership only; HTTP/indexation not verified","Content editor + SEO maintainer","2026-09-04"
"product-sitemap.xml","https://holypearl.co.il/product/סידור-כוונת-הלב-כריכת-סקאי/","","Pending content review","Sitemap membership only; HTTP/indexation not verified","Content editor + SEO maintainer","2026-09-04"
"product-sitemap.xml","https://holypearl.co.il/product/סטנדר-שולחן-עץ/","","Pending content review","Sitemap membership only; HTTP/indexation not verified","Content editor + SEO maintainer","2026-09-04"
"product-sitemap.xml","https://holypearl.co.il/product/כיפה-קטיפה-שחורה/","","Pending content review","Sitemap membership only; HTTP/indexation not verified","Content editor + SEO maintainer","2026-09-04"
"product-sitemap.xml","https://holypearl.co.il/product/סט-מחזורים-כוונת-הלב-כריכת-סקאי/","","Pending content review","Sitemap membership only; HTTP/indexation not verified","Content editor + SEO maintainer","2026-09-04"
"product-sitemap.xml","https://holypearl.co.il/product/ערכת-בר-מצווה/","","Pending content review","Sitemap membership only; HTTP/indexation not verified","Content editor + SEO maintainer","2026-09-04"
"product-sitemap.xml","https://holypearl.co.il/product/סידור-רינת-ישראל/","","Pending content review","Sitemap membership only; HTTP/indexation not verified","Content editor + SEO maintainer","2026-09-04"
"product-sitemap.xml","https://holypearl.co.il/product/סטנדר-שער-וילנא-תחרה-לבנה/","","Pending content review","Sitemap membership only; HTTP/indexation not verified","Content editor + SEO maintainer","2026-09-04"
"product-sitemap.xml","https://holypearl.co.il/product/סידור-לבת-ישראל-ספרדי/","","Pending content review","Sitemap membership only; HTTP/indexation not verified","Content editor + SEO maintainer","2026-09-04"
"product-sitemap.xml","https://holypearl.co.il/product/סידור-לרה-קורן-ספרד/","","Pending content review","Sitemap membership only; HTTP/indexation not verified","Content editor + SEO maintainer","2026-09-04"
"product-sitemap.xml","https://holypearl.co.il/product/סט-טלית-ותפילין-עם-ספירלה/","","Pending content review","Sitemap membership only; HTTP/indexation not verified","Content editor + SEO maintainer","2026-09-04"
"product-sitemap.xml","https://holypearl.co.il/product/כיסוי-תפילין-וטלית-דמוי-עור-2/","","Pending content review","Sitemap membership only; HTTP/indexation not verified","Content editor + SEO maintainer","2026-09-04"
"product-sitemap.xml","https://holypearl.co.il/product/שמן-מאור/","","Pending content review","Sitemap membership only; HTTP/indexation not verified","Content editor + SEO maintainer","2026-09-04"
"product-sitemap.xml","https://holypearl.co.il/product/כיפה-סטאן-לבנה/","","Pending content review","Sitemap membership only; HTTP/indexation not verified","Content editor + SEO maintainer","2026-09-04"
"product-sitemap.xml","https://holypearl.co.il/product/כיפה-זיגזגים-זהב/","","Pending content review","Sitemap membership only; HTTP/indexation not verified","Content editor + SEO maintainer","2026-09-04"
"product-sitemap.xml","https://holypearl.co.il/product/כיפה-מוקפת-מגני-דויד/","","Pending content review","Sitemap membership only; HTTP/indexation not verified","Content editor + SEO maintainer","2026-09-04"
"product-sitemap.xml","https://holypearl.co.il/product/כיפה-סרוגה-כחולה-עם-פס-2/","","Pending content review","Sitemap membership only; HTTP/indexation not verified","Content editor + SEO maintainer","2026-09-04"
"product-sitemap.xml","https://holypearl.co.il/product/כיפה-סרוגה-ירוקה-עם-פס/","","Pending content review","Sitemap membership only; HTTP/indexation not verified","Content editor + SEO maintainer","2026-09-04"
"product-sitemap.xml","https://holypearl.co.il/product/נטלה-ירושלים-לבן/","","Pending content review","Sitemap membership only; HTTP/indexation not verified","Content editor + SEO maintainer","2026-09-04"
"product-sitemap.xml","https://holypearl.co.il/product/ראנר-שולחן-שבת-קודש/","","Pending content review","Sitemap membership only; HTTP/indexation not verified","Content editor + SEO maintainer","2026-09-04"
"product-sitemap.xml","https://holypearl.co.il/product/נר-זכוכית-לשמן-מאור/","","Pending content review","Sitemap membership only; HTTP/indexation not verified","Content editor + SEO maintainer","2026-09-04"
"product-sitemap.xml","https://holypearl.co.il/product/חמסה-בשילוב-עץ-רימונים-נתלה/","","Pending content review","Sitemap membership only; HTTP/indexation not verified","Content editor + SEO maintainer","2026-09-04"
"product-sitemap.xml","https://holypearl.co.il/product/כוס-אליהו-ירושלים-כסף/","","Pending content review","Sitemap membership only; HTTP/indexation not verified","Content editor + SEO maintainer","2026-09-04"
"product-sitemap.xml","https://holypearl.co.il/product/כוס-קידוש-בעיטור-אבני-חושן-כסף/","","Pending content review","Sitemap membership only; HTTP/indexation not verified","Content editor + SEO maintainer","2026-09-04"
"product-sitemap.xml","https://holypearl.co.il/product/כוס-קידוש-ירושלים-מגן-דוד/","","Pending content review","Sitemap membership only; HTTP/indexation not verified","Content editor + SEO maintainer","2026-09-04"
"product-sitemap.xml","https://holypearl.co.il/product/כוס-קידוש-אשכול/","","Pending content review","Sitemap membership only; HTTP/indexation not verified","Content editor + SEO maintainer","2026-09-04"
"product-sitemap.xml","https://holypearl.co.il/product/כוס-קידוש-ירושלים-מרובע/","","Pending content review","Sitemap membership only; HTTP/indexation not verified","Content editor + SEO maintainer","2026-09-04"
"product-sitemap.xml","https://holypearl.co.il/product/כוס-קידוש-מפוארת-עם-רגל/","","Pending content review","Sitemap membership only; HTTP/indexation not verified","Content editor + SEO maintainer","2026-09-04"
"product-sitemap.xml","https://holypearl.co.il/product/כוס-קידוש-נמוך/","","Pending content review","Sitemap membership only; HTTP/indexation not verified","Content editor + SEO maintainer","2026-09-04"
"product-sitemap.xml","https://holypearl.co.il/product/כיסוי-לפלטת-שבת-פס/","","Pending content review","Sitemap membership only; HTTP/indexation not verified","Content editor + SEO maintainer","2026-09-04"
"product-sitemap.xml","https://holypearl.co.il/product/משפך-8-כוסות-עם-רגל/","","Pending content review","Sitemap membership only; HTTP/indexation not verified","Content editor + SEO maintainer","2026-09-04"
"product-sitemap.xml","https://holypearl.co.il/product/כיסוי-לפסח-בצורת-עגול/","","Pending content review","Sitemap membership only; HTTP/indexation not verified","Content editor + SEO maintainer","2026-09-04"
"product-sitemap.xml","https://holypearl.co.il/product/סט-חמישה-מחזורים-רינת-ישראל-עור-ממוחז/","","Pending content review","Sitemap membership only; HTTP/indexation not verified","Content editor + SEO maintainer","2026-09-04"
"product-sitemap.xml","https://holypearl.co.il/product/נרונים/","","Pending content review","Sitemap membership only; HTTP/indexation not verified","Content editor + SEO maintainer","2026-09-04"
"product-sitemap.xml","https://holypearl.co.il/product/נר-הבדלה/","","Pending content review","Sitemap membership only; HTTP/indexation not verified","Content editor + SEO maintainer","2026-09-04"
"product-sitemap.xml","https://holypearl.co.il/product/נר-הבדלה-מעוצב-2/","","Pending content review","Sitemap membership only; HTTP/indexation not verified","Content editor + SEO maintainer","2026-09-04"
"product-sitemap.xml","https://holypearl.co.il/product/פמוטים-בצורת-כדור/","","Pending content review","Sitemap membership only; HTTP/indexation not verified","Content editor + SEO maintainer","2026-09-04"
"product-sitemap.xml","https://holypearl.co.il/product/פמוטים-בצורת-חבית/","","Pending content review","Sitemap membership only; HTTP/indexation not verified","Content editor + SEO maintainer","2026-09-04"
"product-sitemap.xml","https://holypearl.co.il/product/סט-פמוטים-גבוה/","","Pending content review","Sitemap membership only; HTTP/indexation not verified","Content editor + SEO maintainer","2026-09-04"
"product-sitemap.xml","https://holypearl.co.il/product/כיסוי-תפילין-וטלית-קטיפה/","","Pending content review","Sitemap membership only; HTTP/indexation not verified","Content editor + SEO maintainer","2026-09-04"
"product-sitemap.xml","https://holypearl.co.il/product/מעמד-למפיות-לבן/","","Pending content review","Sitemap membership only; HTTP/indexation not verified","Content editor + SEO maintainer","2026-09-04"
"product-sitemap.xml","https://holypearl.co.il/product/כיסוי-לפלטת-שבת/","","Pending content review","Sitemap membership only; HTTP/indexation not verified","Content editor + SEO maintainer","2026-09-04"
"product-sitemap.xml","https://holypearl.co.il/product/כיסוי-לפלטת-שבת-פישתן/","","Pending content review","Sitemap membership only; HTTP/indexation not verified","Content editor + SEO maintainer","2026-09-04"
"product-sitemap.xml","https://holypearl.co.il/product/חנוכיה-חבד/","","Pending content review","Sitemap membership only; HTTP/indexation not verified","Content editor + SEO maintainer","2026-09-04"
"product-sitemap.xml","https://holypearl.co.il/product/חנוכייה-עגולה/","","Pending content review","Sitemap membership only; HTTP/indexation not verified","Content editor + SEO maintainer","2026-09-04"
"product-sitemap.xml","https://holypearl.co.il/product/מגש-חלה-שבת-עם-סכין-מהודר/","","Pending content review","Sitemap membership only; HTTP/indexation not verified","Content editor + SEO maintainer","2026-09-04"
"product-sitemap.xml","https://holypearl.co.il/product/בית-מזוזה-פלסטיק-כסוף/","","Pending content review","Sitemap membership only; HTTP/indexation not verified","Content editor + SEO maintainer","2026-09-04"
"product-sitemap.xml","https://holypearl.co.il/product/בית-מזוזה-פלסטיק-שחור/","","Pending content review","Sitemap membership only; HTTP/indexation not verified","Content editor + SEO maintainer","2026-09-04"
"product-sitemap.xml","https://holypearl.co.il/product/בית-מזוזה-זכוכית-בעיצוב-ירושלמי/","","Pending content review","Sitemap membership only; HTTP/indexation not verified","Content editor + SEO maintainer","2026-09-04"
"product-sitemap.xml","https://holypearl.co.il/product/בית-מזוזה-זכוכית-תכלת/","","Pending content review","Sitemap membership only; HTTP/indexation not verified","Content editor + SEO maintainer","2026-09-04"
"product-sitemap.xml","https://holypearl.co.il/product/בית-מזוזה-מתכת/","","Pending content review","Sitemap membership only; HTTP/indexation not verified","Content editor + SEO maintainer","2026-09-04"
"product-sitemap.xml","https://holypearl.co.il/product/בית-מזוזה-אלומניום/","","Pending content review","Sitemap membership only; HTTP/indexation not verified","Content editor + SEO maintainer","2026-09-04"
"product-sitemap.xml","https://holypearl.co.il/product/בית-מזוזה-אבן-רימונים/","","Pending content review","Sitemap membership only; HTTP/indexation not verified","Content editor + SEO maintainer","2026-09-04"
"product-sitemap.xml","https://holypearl.co.il/product/בית-מזוזה-אבן-העתק/","","Pending content review","Sitemap membership only; HTTP/indexation not verified","Content editor + SEO maintainer","2026-09-04"
"product-sitemap.xml","https://holypearl.co.il/product/בית-מזוזה-בעיצוב-צעיר/","","Pending content review","Sitemap membership only; HTTP/indexation not verified","Content editor + SEO maintainer","2026-09-04"
"product-sitemap.xml","https://holypearl.co.il/product/בית-מזוזה-אבן-מלבני/","","Pending content review","Sitemap membership only; HTTP/indexation not verified","Content editor + SEO maintainer","2026-09-04"
"product-sitemap.xml","https://holypearl.co.il/product/בית-מזוזה-אבן/","","Pending content review","Sitemap membership only; HTTP/indexation not verified","Content editor + SEO maintainer","2026-09-04"
"product-sitemap.xml","https://holypearl.co.il/product/כיפה-סרוגה-שחורה-עם-פס-2/","","Pending content review","Sitemap membership only; HTTP/indexation not verified","Content editor + SEO maintainer","2026-09-04"
"product-sitemap.xml","https://holypearl.co.il/product/כיפה-סרוגה-שחורה-עם-פס/","","Pending content review","Sitemap membership only; HTTP/indexation not verified","Content editor + SEO maintainer","2026-09-04"
"product-sitemap.xml","https://holypearl.co.il/product/כיפה-סרוגה-תכלת-עם-פס-3/","","Pending content review","Sitemap membership only; HTTP/indexation not verified","Content editor + SEO maintainer","2026-09-04"
"product-sitemap.xml","https://holypearl.co.il/product/כיפה-סרוגה-תכלת-עם-פס-2/","","Pending content review","Sitemap membership only; HTTP/indexation not verified","Content editor + SEO maintainer","2026-09-04"
"product-sitemap.xml","https://holypearl.co.il/product/כיפה-סרוגה-תכלת-עם-פס/","","Pending content review","Sitemap membership only; HTTP/indexation not verified","Content editor + SEO maintainer","2026-09-04"
"product-sitemap.xml","https://holypearl.co.il/product/כיפה-סרוגה-כחולה-עם-פס-3/","","Pending content review","Sitemap membership only; HTTP/indexation not verified","Content editor + SEO maintainer","2026-09-04"
"product-sitemap.xml","https://holypearl.co.il/product/כיפה-סרוגה-כחולה-עם-פס/","","Pending content review","Sitemap membership only; HTTP/indexation not verified","Content editor + SEO maintainer","2026-09-04"
"product-sitemap.xml","https://holypearl.co.il/product/כיפה-סרוגה-אפורה/","","Pending content review","Sitemap membership only; HTTP/indexation not verified","Content editor + SEO maintainer","2026-09-04"
"product-sitemap.xml","https://holypearl.co.il/product/כיפה-סרוגה-שחורה/","","Pending content review","Sitemap membership only; HTTP/indexation not verified","Content editor + SEO maintainer","2026-09-04"
"product-sitemap.xml","https://holypearl.co.il/product/כיפה-סרוגה-אמריקאית-3/","","Pending content review","Sitemap membership only; HTTP/indexation not verified","Content editor + SEO maintainer","2026-09-04"
"product-sitemap.xml","https://holypearl.co.il/product/כיפה-סרוגה-אמריקאית-2/","","Pending content review","Sitemap membership only; HTTP/indexation not verified","Content editor + SEO maintainer","2026-09-04"
"product-sitemap.xml","https://holypearl.co.il/product/כיפה-סרוגה-אמריקאית/","","Pending content review","Sitemap membership only; HTTP/indexation not verified","Content editor + SEO maintainer","2026-09-04"
"product-sitemap.xml","https://holypearl.co.il/product/kippa-blue/","","Pending content review","Sitemap membership only; HTTP/indexation not verified","Content editor + SEO maintainer","2026-09-04"
"product-sitemap.xml","https://holypearl.co.il/product/מעמד-לברכונים/","","Pending content review","Sitemap membership only; HTTP/indexation not verified","Content editor + SEO maintainer","2026-09-04"
"product-sitemap.xml","https://holypearl.co.il/product/מעמד-לברכונים-2/","","Pending content review","Sitemap membership only; HTTP/indexation not verified","Content editor + SEO maintainer","2026-09-04"
"product-sitemap.xml","https://holypearl.co.il/product/כיסוי-לפלטת-שבת-2/","","Pending content review","Sitemap membership only; HTTP/indexation not verified","Content editor + SEO maintainer","2026-09-04"
"product-sitemap.xml","https://holypearl.co.il/product/סידור-עבודת-השם-עור-ממחוזר/","","Pending content review","Sitemap membership only; HTTP/indexation not verified","Content editor + SEO maintainer","2026-09-04"
"product-sitemap.xml","https://holypearl.co.il/product/סט-מחזורים-קורן-לרה-רה-יוהכ-ושלושת-רגל/","","Pending content review","Sitemap membership only; HTTP/indexation not verified","Content editor + SEO maintainer","2026-09-04"
"product-sitemap.xml","https://holypearl.co.il/product/סט-חמישה-מחזורים-רינת-ישראל-עור-ממוחז-2/","","Pending content review","Sitemap membership only; HTTP/indexation not verified","Content editor + SEO maintainer","2026-09-04"
"product-sitemap.xml","https://holypearl.co.il/product/ידור-עבודת-השם-מהודר-עם-כתר/","","Pending content review","Sitemap membership only; HTTP/indexation not verified","Content editor + SEO maintainer","2026-09-04"
"product-sitemap.xml","https://holypearl.co.il/product/עבודת-השם-לבת-ישראל/","","Pending content review","Sitemap membership only; HTTP/indexation not verified","Content editor + SEO maintainer","2026-09-04"
"product-sitemap.xml","https://holypearl.co.il/product/סידור-רינת-ישראל-בכריכת-עור-עתיק/","","Pending content review","Sitemap membership only; HTTP/indexation not verified","Content editor + SEO maintainer","2026-09-04"
"product-sitemap.xml","https://holypearl.co.il/product/סידור-כוונת-הלב-לבת-ישראל-דמוי-עור/","","Pending content review","Sitemap membership only; HTTP/indexation not verified","Content editor + SEO maintainer","2026-09-04"
"product-sitemap.xml","https://holypearl.co.il/product/סידור-כוונת-הלב-לבת-ישראל-דמוי-עור-גוד/","","Pending content review","Sitemap membership only; HTTP/indexation not verified","Content editor + SEO maintainer","2026-09-04"
"product-sitemap.xml","https://holypearl.co.il/product/סידור-כוונת-הלב-דמוי-עור/","","Pending content review","Sitemap membership only; HTTP/indexation not verified","Content editor + SEO maintainer","2026-09-04"
"product-sitemap.xml","https://holypearl.co.il/product/חמסה-אמייל-חמסה-קטנה-בתוכה/","","Pending content review","Sitemap membership only; HTTP/indexation not verified","Content editor + SEO maintainer","2026-09-04"
"product-sitemap.xml","https://holypearl.co.il/product/חמסה-מעוצבת-עם-אבני-חושן/","","Pending content review","Sitemap membership only; HTTP/indexation not verified","Content editor + SEO maintainer","2026-09-04"
"product-sitemap.xml","https://holypearl.co.il/product/חמסה-לתלייה-אמייל/","","Pending content review","Sitemap membership only; HTTP/indexation not verified","Content editor + SEO maintainer","2026-09-04"
"product-sitemap.xml","https://holypearl.co.il/product/סטנדר-עץ-טבעי-חיתוך-לייזר/","","Pending content review","Sitemap membership only; HTTP/indexation not verified","Content editor + SEO maintainer","2026-09-04"
"product-sitemap.xml","https://holypearl.co.il/product/מזוזה-פסים-שחורים-אפורים/","","Pending content review","Sitemap membership only; HTTP/indexation not verified","Content editor + SEO maintainer","2026-09-04"
"product-sitemap.xml","https://holypearl.co.il/product/מזוזה-פולי-פרח/","","Pending content review","Sitemap membership only; HTTP/indexation not verified","Content editor + SEO maintainer","2026-09-04"
"product-sitemap.xml","https://holypearl.co.il/product/מזוזה-פולי-חומות-ירושלים/","","Pending content review","Sitemap membership only; HTTP/indexation not verified","Content editor + SEO maintainer","2026-09-04"
"product-sitemap.xml","https://holypearl.co.il/product/מזוזה-עם-עיטורים-חריטה/","","Pending content review","Sitemap membership only; HTTP/indexation not verified","Content editor + SEO maintainer","2026-09-04"
"product-sitemap.xml","https://holypearl.co.il/product/מזוזה-פולי-אבנים/","","Pending content review","Sitemap membership only; HTTP/indexation not verified","Content editor + SEO maintainer","2026-09-04"
"product-sitemap.xml","https://holypearl.co.il/product/מזוזה-מפתח-פרנסה/","","Pending content review","Sitemap membership only; HTTP/indexation not verified","Content editor + SEO maintainer","2026-09-04"
"product-sitemap.xml","https://holypearl.co.il/product/מזוזה-משולבת-ברכות/","","Pending content review","Sitemap membership only; HTTP/indexation not verified","Content editor + SEO maintainer","2026-09-04"
"product-sitemap.xml","https://holypearl.co.il/product/מזוזה-פולי-מבריק/","","Pending content review","Sitemap membership only; HTTP/indexation not verified","Content editor + SEO maintainer","2026-09-04"
"product-sitemap.xml","https://holypearl.co.il/product/מזוזה-חלקה/","","Pending content review","Sitemap membership only; HTTP/indexation not verified","Content editor + SEO maintainer","2026-09-04"
"product-sitemap.xml","https://holypearl.co.il/product/מזוזה-פולי-אבנים-חומות/","","Pending content review","Sitemap membership only; HTTP/indexation not verified","Content editor + SEO maintainer","2026-09-04"
"product-sitemap.xml","https://holypearl.co.il/product/בית-מזוזה-סגנון-עתיק/","","Pending content review","Sitemap membership only; HTTP/indexation not verified","Content editor + SEO maintainer","2026-09-04"
"product-sitemap.xml","https://holypearl.co.il/product/מזוזת-זכוכית-מעוצבת/","","Pending content review","Sitemap membership only; HTTP/indexation not verified","Content editor + SEO maintainer","2026-09-04"
"product-sitemap.xml","https://holypearl.co.il/product/ערכה-למתחתן/","","Pending content review","Sitemap membership only; HTTP/indexation not verified","Content editor + SEO maintainer","2026-09-04"
"product-sitemap.xml","https://holypearl.co.il/product/תחתיות-לסיר/","","Pending content review","Sitemap membership only; HTTP/indexation not verified","Content editor + SEO maintainer","2026-09-04"
"product-sitemap.xml","https://holypearl.co.il/product/קופות-צדקה-פולי-עץ-ריבוע/","","Pending content review","Sitemap membership only; HTTP/indexation not verified","Content editor + SEO maintainer","2026-09-04"
"product-sitemap.xml","https://holypearl.co.il/product/קופות-צדקה-פולי-עץ-משושה/","","Pending content review","Sitemap membership only; HTTP/indexation not verified","Content editor + SEO maintainer","2026-09-04"
"product-sitemap.xml","https://holypearl.co.il/product/קופות-צדקה-פולי-זכוכית-משושה/","","Pending content review","Sitemap membership only; HTTP/indexation not verified","Content editor + SEO maintainer","2026-09-04"
"product-sitemap.xml","https://holypearl.co.il/product/קופות-צדקה-פולי-זכוכית-מעוטר/","","Pending content review","Sitemap membership only; HTTP/indexation not verified","Content editor + SEO maintainer","2026-09-04"
"product-sitemap.xml","https://holypearl.co.il/product/קופות-צדקה-פולי-זכוכית/","","Pending content review","Sitemap membership only; HTTP/indexation not verified","Content editor + SEO maintainer","2026-09-04"
"product-sitemap.xml","https://holypearl.co.il/product/נטלה-רימונים/","","Pending content review","Sitemap membership only; HTTP/indexation not verified","Content editor + SEO maintainer","2026-09-04"
"product-sitemap.xml","https://holypearl.co.il/product/נטלה-בשילוב-שברי-זכוכית/","","Pending content review","Sitemap membership only; HTTP/indexation not verified","Content editor + SEO maintainer","2026-09-04"
"product-sitemap.xml","https://holypearl.co.il/product/נטלה-חבלים/","","Pending content review","Sitemap membership only; HTTP/indexation not verified","Content editor + SEO maintainer","2026-09-04"
"product-sitemap.xml","https://holypearl.co.il/product/נטלה-עם-פס-שברי-זכוכית/","","Pending content review","Sitemap membership only; HTTP/indexation not verified","Content editor + SEO maintainer","2026-09-04"
"product-sitemap.xml","https://holypearl.co.il/product/ראנר-שולחן-שבת-ויום-טוב/","","Pending content review","Sitemap membership only; HTTP/indexation not verified","Content editor + SEO maintainer","2026-09-04"
"product-sitemap.xml","https://holypearl.co.il/product/ראנר-שולחן-מנדלה/","","Pending content review","Sitemap membership only; HTTP/indexation not verified","Content editor + SEO maintainer","2026-09-04"
"product-sitemap.xml","https://holypearl.co.il/product/פסלון-ספר-תורה/","","Pending content review","Sitemap membership only; HTTP/indexation not verified","Content editor + SEO maintainer","2026-09-04"
"product-sitemap.xml","https://holypearl.co.il/product/חסידים-נגנים/","","Pending content review","Sitemap membership only; HTTP/indexation not verified","Content editor + SEO maintainer","2026-09-04"
"product-sitemap.xml","https://holypearl.co.il/product/פסלי-עיצוב-חסידי/","","Pending content review","Sitemap membership only; HTTP/indexation not verified","Content editor + SEO maintainer","2026-09-04"
"product-sitemap.xml","https://holypearl.co.il/product/יד-מחזיקה-כדור-ירושלים-כסף/","","Pending content review","Sitemap membership only; HTTP/indexation not verified","Content editor + SEO maintainer","2026-09-04"
"product-sitemap.xml","https://holypearl.co.il/product/ירושלים-פנרומה-כסף/","","Pending content review","Sitemap membership only; HTTP/indexation not verified","Content editor + SEO maintainer","2026-09-04"
"product-sitemap.xml","https://holypearl.co.il/product/חסידים-כנרים/","","Pending content review","Sitemap membership only; HTTP/indexation not verified","Content editor + SEO maintainer","2026-09-04"
"product-sitemap.xml","https://holypearl.co.il/product/חסידים-כלי-נשיפה/","","Pending content review","Sitemap membership only; HTTP/indexation not verified","Content editor + SEO maintainer","2026-09-04"
"product-sitemap.xml","https://holypearl.co.il/product/ברכה-מעוצבת-בצורת-פעמון-לתלייה-הבית-הע/","","Pending content review","Sitemap membership only; HTTP/indexation not verified","Content editor + SEO maintainer","2026-09-04"
"product-sitemap.xml","https://holypearl.co.il/product/נבל-דויד-אמייל-בשילוב-אבני-חושן-וירושל/","","Pending content review","Sitemap membership only; HTTP/indexation not verified","Content editor + SEO maintainer","2026-09-04"
"product-sitemap.xml","https://holypearl.co.il/product/ספר-ברכת-הבית-עברית-english/","","Pending content review","Sitemap membership only; HTTP/indexation not verified","Content editor + SEO maintainer","2026-09-04"
"product-sitemap.xml","https://holypearl.co.il/product/blessred/","","Pending content review","Sitemap membership only; HTTP/indexation not verified","Content editor + SEO maintainer","2026-09-04"
"product-sitemap.xml","https://holypearl.co.il/product/ברכת-העסק-עגול-לתלייה/","","Pending content review","Sitemap membership only; HTTP/indexation not verified","Content editor + SEO maintainer","2026-09-04"
"product-sitemap.xml","https://holypearl.co.il/product/ברכת-הבית-עגול-לתלייה-אנגלית/","","Pending content review","Sitemap membership only; HTTP/indexation not verified","Content editor + SEO maintainer","2026-09-04"
"product-sitemap.xml","https://holypearl.co.il/product/ברכת-הבית-לתלייה-בצורת-רימון/","","Pending content review","Sitemap membership only; HTTP/indexation not verified","Content editor + SEO maintainer","2026-09-04"
"product-sitemap.xml","https://holypearl.co.il/product/ברכת-העסק-לתלייה-בצורת-רימון/","","Pending content review","Sitemap membership only; HTTP/indexation not verified","Content editor + SEO maintainer","2026-09-04"
"product-sitemap.xml","https://holypearl.co.il/product/ברכת-שפע-בריאות-אושר/","","Pending content review","Sitemap membership only; HTTP/indexation not verified","Content editor + SEO maintainer","2026-09-04"
"product-sitemap.xml","https://holypearl.co.il/product/ברכת-הבית-לתלייה-בצורת-רימון-אמייל/","","Pending content review","Sitemap membership only; HTTP/indexation not verified","Content editor + SEO maintainer","2026-09-04"
"product-sitemap.xml","https://holypearl.co.il/product/ברכת-הבית-אמייל-מעוצבת-להתלייה/","","Pending content review","Sitemap membership only; HTTP/indexation not verified","Content editor + SEO maintainer","2026-09-04"
"product-sitemap.xml","https://holypearl.co.il/product/אם-אשכחך-ירושלים-לתלייה-מעוצב/","","Pending content review","Sitemap membership only; HTTP/indexation not verified","Content editor + SEO maintainer","2026-09-04"
"product-sitemap.xml","https://holypearl.co.il/product/כיסוי-תפילין-וטלית-בד/","","Pending content review","Sitemap membership only; HTTP/indexation not verified","Content editor + SEO maintainer","2026-09-04"
"product-sitemap.xml","https://holypearl.co.il/product/סט-כיסוי-תפילין-וטלית-ירושלים/","","Pending content review","Sitemap membership only; HTTP/indexation not verified","Content editor + SEO maintainer","2026-09-04"
"product-sitemap.xml","https://holypearl.co.il/product/סט-כיסוי-קטיפה-על-רקע-ירושלים/","","Pending content review","Sitemap membership only; HTTP/indexation not verified","Content editor + SEO maintainer","2026-09-04"
"product-sitemap.xml","https://holypearl.co.il/product/סט-3-חלקים-תפילין-טלית-וצדקה/","","Pending content review","Sitemap membership only; HTTP/indexation not verified","Content editor + SEO maintainer","2026-09-04"
"product-sitemap.xml","https://holypearl.co.il/product/כיסוי-תפילין-וטלית-דמוי-עור/","","Pending content review","Sitemap membership only; HTTP/indexation not verified","Content editor + SEO maintainer","2026-09-04"
"product-sitemap.xml","https://holypearl.co.il/product/כיסוי-תפילין-וטלית-דמוי-עור-כחול/","","Pending content review","Sitemap membership only; HTTP/indexation not verified","Content editor + SEO maintainer","2026-09-04"
"product-sitemap.xml","https://holypearl.co.il/product/כיסוי-תפלין-וטלית-בד/","","Pending content review","Sitemap membership only; HTTP/indexation not verified","Content editor + SEO maintainer","2026-09-04"
"product-sitemap.xml","https://holypearl.co.il/product/סט-אפור/","","Pending content review","Sitemap membership only; HTTP/indexation not verified","Content editor + SEO maintainer","2026-09-04"
"product-sitemap.xml","https://holypearl.co.il/product/כיפה-רקמה-תכלת/","","Pending content review","Sitemap membership only; HTTP/indexation not verified","Content editor + SEO maintainer","2026-09-04"
"product-sitemap.xml","https://holypearl.co.il/product/כיפה-סטן-מגן-דוד/","","Pending content review","Sitemap membership only; HTTP/indexation not verified","Content editor + SEO maintainer","2026-09-04"
"product-sitemap.xml","https://holypearl.co.il/product/כיפה-סטן-עם-פס/","","Pending content review","Sitemap membership only; HTTP/indexation not verified","Content editor + SEO maintainer","2026-09-04"
"product-sitemap.xml","https://holypearl.co.il/product/כיפה-מעוצבת/","","Pending content review","Sitemap membership only; HTTP/indexation not verified","Content editor + SEO maintainer","2026-09-04"
"product-sitemap.xml","https://holypearl.co.il/product/כיפה-מקושטת-באבנים/","","Pending content review","Sitemap membership only; HTTP/indexation not verified","Content editor + SEO maintainer","2026-09-04"
"product-sitemap.xml","https://holypearl.co.il/product/כיפה-סטן-חלקה/","","Pending content review","Sitemap membership only; HTTP/indexation not verified","Content editor + SEO maintainer","2026-09-04"
"product-sitemap.xml","https://holypearl.co.il/product/כיפה-מגן-דוד-כסף/","","Pending content review","Sitemap membership only; HTTP/indexation not verified","Content editor + SEO maintainer","2026-09-04"
"product-sitemap.xml","https://holypearl.co.il/product/כיפה-מעוטרת-עם-אבנים/","","Pending content review","Sitemap membership only; HTTP/indexation not verified","Content editor + SEO maintainer","2026-09-04"
"product-sitemap.xml","https://holypearl.co.il/product/כיפה-מעוטרת-מעויינים-קטנים/","","Pending content review","Sitemap membership only; HTTP/indexation not verified","Content editor + SEO maintainer","2026-09-04"
"product-sitemap.xml","https://holypearl.co.il/product/כיפה-חוט-כסף/","","Pending content review","Sitemap membership only; HTTP/indexation not verified","Content editor + SEO maintainer","2026-09-04"
"product_cat-sitemap.xml","https://holypearl.co.il/product-category/men/kipot/","","Pending content review","Sitemap membership only; HTTP/indexation not verified","Content editor + SEO maintainer","2026-09-04"
"product_cat-sitemap.xml","https://holypearl.co.il/product-category/men/tpilin/","","Pending content review","Sitemap membership only; HTTP/indexation not verified","Content editor + SEO maintainer","2026-09-04"
"product_cat-sitemap.xml","https://holypearl.co.il/product-category/men/","","Pending content review","Sitemap membership only; HTTP/indexation not verified","Content editor + SEO maintainer","2026-09-04"
"product_cat-sitemap.xml","https://holypearl.co.il/product-category/klibit/havdala/","","Pending content review","Sitemap membership only; HTTP/indexation not verified","Content editor + SEO maintainer","2026-09-04"
"product_cat-sitemap.xml","https://holypearl.co.il/product-category/women/","","Pending content review","Sitemap membership only; HTTP/indexation not verified","Content editor + SEO maintainer","2026-09-04"
"product_cat-sitemap.xml","https://holypearl.co.il/product-category/mizoza/","","Pending content review","Sitemap membership only; HTTP/indexation not verified","Content editor + SEO maintainer","2026-09-04"
"product_cat-sitemap.xml","https://holypearl.co.il/product-category/sale/","","Pending content review","Sitemap membership only; HTTP/indexation not verified","Content editor + SEO maintainer","2026-09-04"
"product_cat-sitemap.xml","https://holypearl.co.il/product-category/klibit/","","Pending content review","Sitemap membership only; HTTP/indexation not verified","Content editor + SEO maintainer","2026-09-04"
"product_cat-sitemap.xml","https://holypearl.co.il/product-category/talit/","","Pending content review","Sitemap membership only; HTTP/indexation not verified","Content editor + SEO maintainer","2026-09-04"
"product_cat-sitemap.xml","https://holypearl.co.il/product-category/men/ttcovers/","","Pending content review","Sitemap membership only; HTTP/indexation not verified","Content editor + SEO maintainer","2026-09-04"
"product_cat-sitemap.xml","https://holypearl.co.il/product-category/women/womenbook/","","Pending content review","Sitemap membership only; HTTP/indexation not verified","Content editor + SEO maintainer","2026-09-04"
"product_cat-sitemap.xml","https://holypearl.co.il/product-category/shabat/","","Pending content review","Sitemap membership only; HTTP/indexation not verified","Content editor + SEO maintainer","2026-09-04"
"product_cat-sitemap.xml","https://holypearl.co.il/product-category/men/book/","","Pending content review","Sitemap membership only; HTTP/indexation not verified","Content editor + SEO maintainer","2026-09-04"
"product_cat-sitemap.xml","https://holypearl.co.il/product-category/men/kipot/כיפה-סטן/","","Pending content review","Sitemap membership only; HTTP/indexation not verified","Content editor + SEO maintainer","2026-09-04"
"product_cat-sitemap.xml","https://holypearl.co.il/product-category/מתנות-לתיירים/","","Pending content review","Sitemap membership only; HTTP/indexation not verified","Content editor + SEO maintainer","2026-09-04"
"product_cat-sitemap.xml","https://holypearl.co.il/product-category/חגים-ויום-טוב/","","Pending content review","Sitemap membership only; HTTP/indexation not verified","Content editor + SEO maintainer","2026-09-04"
"product_cat-sitemap.xml","https://holypearl.co.il/product-category/חגים-ויום-טוב/חנוכיות/","","Pending content review","Sitemap membership only; HTTP/indexation not verified","Content editor + SEO maintainer","2026-09-04"
"product_cat-sitemap.xml","https://holypearl.co.il/product-category/חגים-ויום-טוב/כיסויים-לפסח/","","Pending content review","Sitemap membership only; HTTP/indexation not verified","Content editor + SEO maintainer","2026-09-04"
"product_cat-sitemap.xml","https://holypearl.co.il/product-category/men/kipot/קטיפה/","","Pending content review","Sitemap membership only; HTTP/indexation not verified","Content editor + SEO maintainer","2026-09-04"
"product_cat-sitemap.xml","https://holypearl.co.il/product-category/klibit/דברי-נוי-חסידי/","","Pending content review","Sitemap membership only; HTTP/indexation not verified","Content editor + SEO maintainer","2026-09-04"
"product_cat-sitemap.xml","https://holypearl.co.il/product-category/shabat/מאורות/","","Pending content review","Sitemap membership only; HTTP/indexation not verified","Content editor + SEO maintainer","2026-09-04"
"product_cat-sitemap.xml","https://holypearl.co.il/product-category/klibit/קופות-צדקה/","","Pending content review","Sitemap membership only; HTTP/indexation not verified","Content editor + SEO maintainer","2026-09-04"
"product_cat-sitemap.xml","https://holypearl.co.il/product-category/klibit/תחתיות-לסירים/","","Pending content review","Sitemap membership only; HTTP/indexation not verified","Content editor + SEO maintainer","2026-09-04"
"product_cat-sitemap.xml","https://holypearl.co.il/product-category/sale/ערכות-לאירועים-מיוחדים/","","Pending content review","Sitemap membership only; HTTP/indexation not verified","Content editor + SEO maintainer","2026-09-04"
"product_cat-sitemap.xml","https://holypearl.co.il/product-category/mizoza/בית-מזוזה/","","Pending content review","Sitemap membership only; HTTP/indexation not verified","Content editor + SEO maintainer","2026-09-04"
"product_cat-sitemap.xml","https://holypearl.co.il/product-category/mizoza/קלף-ספרדי/","","Pending content review","Sitemap membership only; HTTP/indexation not verified","Content editor + SEO maintainer","2026-09-04"
"product_cat-sitemap.xml","https://holypearl.co.il/product-category/mizoza/קלף-אשכנזי/","","Pending content review","Sitemap membership only; HTTP/indexation not verified","Content editor + SEO maintainer","2026-09-04"
"product_cat-sitemap.xml","https://holypearl.co.il/product-category/men/סטנדר/","","Pending content review","Sitemap membership only; HTTP/indexation not verified","Content editor + SEO maintainer","2026-09-04"
"product_cat-sitemap.xml","https://holypearl.co.il/product-category/klibit/ברכות-לתלייה/","","Pending content review","Sitemap membership only; HTTP/indexation not verified","Content editor + SEO maintainer","2026-09-04"
"product_cat-sitemap.xml","https://holypearl.co.il/product-category/klibit/מעמד-למפיות/","","Pending content review","Sitemap membership only; HTTP/indexation not verified","Content editor + SEO maintainer","2026-09-04"
"product_cat-sitemap.xml","https://holypearl.co.il/product-category/klibit/ראנר-לשולחן/","","Pending content review","Sitemap membership only; HTTP/indexation not verified","Content editor + SEO maintainer","2026-09-04"
"product_cat-sitemap.xml","https://holypearl.co.il/product-category/klibit/כיסוי-לפלטה/","","Pending content review","Sitemap membership only; HTTP/indexation not verified","Content editor + SEO maintainer","2026-09-04"
"product_cat-sitemap.xml","https://holypearl.co.il/product-category/klibit/חמסות/","","Pending content review","Sitemap membership only; HTTP/indexation not verified","Content editor + SEO maintainer","2026-09-04"
"product_cat-sitemap.xml","https://holypearl.co.il/product-category/sale/מבצעים-חמים/","","Pending content review","Sitemap membership only; HTTP/indexation not verified","Content editor + SEO maintainer","2026-09-04"
"product_cat-sitemap.xml","https://holypearl.co.il/product-category/shabat/פמוטים/","","Pending content review","Sitemap membership only; HTTP/indexation not verified","Content editor + SEO maintainer","2026-09-04"
"product_cat-sitemap.xml","https://holypearl.co.il/product-category/חגים-ויום-טוב/מחזורים-חגים-ויום-טוב/","","Pending content review","Sitemap membership only; HTTP/indexation not verified","Content editor + SEO maintainer","2026-09-04"
"product_cat-sitemap.xml","https://holypearl.co.il/product-category/klibit/גביע-קידוש/","","Pending content review","Sitemap membership only; HTTP/indexation not verified","Content editor + SEO maintainer","2026-09-04"
"product_cat-sitemap.xml","https://holypearl.co.il/product-category/klibit/מעמד-לברכונים/","","Pending content review","Sitemap membership only; HTTP/indexation not verified","Content editor + SEO maintainer","2026-09-04"
"product_cat-sitemap.xml","https://holypearl.co.il/product-category/klibit/משפכים/","","Pending content review","Sitemap membership only; HTTP/indexation not verified","Content editor + SEO maintainer","2026-09-04"
"product_cat-sitemap.xml","https://holypearl.co.il/product-category/men/kipot/עבודת-יד/","","Pending content review","Sitemap membership only; HTTP/indexation not verified","Content editor + SEO maintainer","2026-09-04"
"product_cat-sitemap.xml","https://holypearl.co.il/product-category/klibit/נטלות/","","Pending content review","Sitemap membership only; HTTP/indexation not verified","Content editor + SEO maintainer","2026-09-04"
"product_cat-sitemap.xml","https://holypearl.co.il/product-category/klibit/מגש-לחלה/","","Pending content review","Sitemap membership only; HTTP/indexation not verified","Content editor + SEO maintainer","2026-09-04"
"product_tag-sitemap.xml","https://holypearl.co.il/product-tag/men/","","Pending content review","Sitemap membership only; HTTP/indexation not verified","Content editor + SEO maintainer","2026-09-04"
"product_tag-sitemap.xml","https://holypearl.co.il/product-tag/man/","","Pending content review","Sitemap membership only; HTTP/indexation not verified","Content editor + SEO maintainer","2026-09-04"
"product_tag-sitemap.xml","https://holypearl.co.il/product-tag/כיפה/","","Pending content review","Sitemap membership only; HTTP/indexation not verified","Content editor + SEO maintainer","2026-09-04"
"product_tag-sitemap.xml","https://holypearl.co.il/product-tag/עבודת-יד/","","Pending content review","Sitemap membership only; HTTP/indexation not verified","Content editor + SEO maintainer","2026-09-04"
"product_tag-sitemap.xml","https://holypearl.co.il/product-tag/עמי/","","Pending content review","Sitemap membership only; HTTP/indexation not verified","Content editor + SEO maintainer","2026-09-04"
"product_tag-sitemap.xml","https://holypearl.co.il/product-tag/גבר/","","Pending content review","Sitemap membership only; HTTP/indexation not verified","Content editor + SEO maintainer","2026-09-04"
"product_tag-sitemap.xml","https://holypearl.co.il/product-tag/כיפות-לגבר/","","Pending content review","Sitemap membership only; HTTP/indexation not verified","Content editor + SEO maintainer","2026-09-04"
"product_tag-sitemap.xml","https://holypearl.co.il/product-tag/כיפה-סאטן/","","Pending content review","Sitemap membership only; HTTP/indexation not verified","Content editor + SEO maintainer","2026-09-04"
"product_tag-sitemap.xml","https://holypearl.co.il/product-tag/כיפה-לאירועים/","","Pending content review","Sitemap membership only; HTTP/indexation not verified","Content editor + SEO maintainer","2026-09-04"
"product_tag-sitemap.xml","https://holypearl.co.il/product-tag/אמייל/","","Pending content review","Sitemap membership only; HTTP/indexation not verified","Content editor + SEO maintainer","2026-09-04"
"product_tag-sitemap.xml","https://holypearl.co.il/product-tag/חיתוך-אותיות/","","Pending content review","Sitemap membership only; HTTP/indexation not verified","Content editor + SEO maintainer","2026-09-04"
"product_tag-sitemap.xml","https://holypearl.co.il/product-tag/ברכות-לתלייה/","","Pending content review","Sitemap membership only; HTTP/indexation not verified","Content editor + SEO maintainer","2026-09-04"
"product_tag-sitemap.xml","https://holypearl.co.il/product-tag/פותח-את-ידיך/","","Pending content review","Sitemap membership only; HTTP/indexation not verified","Content editor + SEO maintainer","2026-09-04"
"product_tag-sitemap.xml","https://holypearl.co.il/product-tag/כיפה-סטן/","","Pending content review","Sitemap membership only; HTTP/indexation not verified","Content editor + SEO maintainer","2026-09-04"
"product_tag-sitemap.xml","https://holypearl.co.il/product-tag/זכוכית/","","Pending content review","Sitemap membership only; HTTP/indexation not verified","Content editor + SEO maintainer","2026-09-04"
"product_tag-sitemap.xml","https://holypearl.co.il/product-tag/ברכה-לתלייה/","","Pending content review","Sitemap membership only; HTTP/indexation not verified","Content editor + SEO maintainer","2026-09-04"
"product_tag-sitemap.xml","https://holypearl.co.il/product-tag/ברכת-העסק/","","Pending content review","Sitemap membership only; HTTP/indexation not verified","Content editor + SEO maintainer","2026-09-04"
"product_tag-sitemap.xml","https://holypearl.co.il/product-tag/ברכת-הבית/","","Pending content review","Sitemap membership only; HTTP/indexation not verified","Content editor + SEO maintainer","2026-09-04"
"product_tag-sitemap.xml","https://holypearl.co.il/product-tag/אנגלית/","","Pending content review","Sitemap membership only; HTTP/indexation not verified","Content editor + SEO maintainer","2026-09-04"
"product_tag-sitemap.xml","https://holypearl.co.il/product-tag/english/","","Pending content review","Sitemap membership only; HTTP/indexation not verified","Content editor + SEO maintainer","2026-09-04"
"product_tag-sitemap.xml","https://holypearl.co.il/product-tag/אקרילן/","","Pending content review","Sitemap membership only; HTTP/indexation not verified","Content editor + SEO maintainer","2026-09-04"
"product_tag-sitemap.xml","https://holypearl.co.il/product-tag/אשת-חייל/","","Pending content review","Sitemap membership only; HTTP/indexation not verified","Content editor + SEO maintainer","2026-09-04"
"product_tag-sitemap.xml","https://holypearl.co.il/product-tag/מתנה/","","Pending content review","Sitemap membership only; HTTP/indexation not verified","Content editor + SEO maintainer","2026-09-04"
"product_tag-sitemap.xml","https://holypearl.co.il/product-tag/חנוכה/","","Pending content review","Sitemap membership only; HTTP/indexation not verified","Content editor + SEO maintainer","2026-09-04"
"product_tag-sitemap.xml","https://holypearl.co.il/product-tag/חנוכייה/","","Pending content review","Sitemap membership only; HTTP/indexation not verified","Content editor + SEO maintainer","2026-09-04"
"product_tag-sitemap.xml","https://holypearl.co.il/product-tag/חנוכייה-עם-רגל/","","Pending content review","Sitemap membership only; HTTP/indexation not verified","Content editor + SEO maintainer","2026-09-04"
"product_tag-sitemap.xml","https://holypearl.co.il/product-tag/חגים-ויום-טוב/","","Pending content review","Sitemap membership only; HTTP/indexation not verified","Content editor + SEO maintainer","2026-09-04"
"product_tag-sitemap.xml","https://holypearl.co.il/product-tag/פסח/","","Pending content review","Sitemap membership only; HTTP/indexation not verified","Content editor + SEO maintainer","2026-09-04"
"product_tag-sitemap.xml","https://holypearl.co.il/product-tag/ליל-הסדר/","","Pending content review","Sitemap membership only; HTTP/indexation not verified","Content editor + SEO maintainer","2026-09-04"
"product_tag-sitemap.xml","https://holypearl.co.il/product-tag/קישוט-לשולחן-לפסח/","","Pending content review","Sitemap membership only; HTTP/indexation not verified","Content editor + SEO maintainer","2026-09-04"
"product_tag-sitemap.xml","https://holypearl.co.il/product-tag/עיצוב-חסידי/","","Pending content review","Sitemap membership only; HTTP/indexation not verified","Content editor + SEO maintainer","2026-09-04"
"product_tag-sitemap.xml","https://holypearl.co.il/product-tag/דברי-נוי-לבית/","","Pending content review","Sitemap membership only; HTTP/indexation not verified","Content editor + SEO maintainer","2026-09-04"
"product_tag-sitemap.xml","https://holypearl.co.il/product-tag/מתנה-לאורח/","","Pending content review","Sitemap membership only; HTTP/indexation not verified","Content editor + SEO maintainer","2026-09-04"
"product_tag-sitemap.xml","https://holypearl.co.il/product-tag/שולחן-ערוך/","","Pending content review","Sitemap membership only; HTTP/indexation not verified","Content editor + SEO maintainer","2026-09-04"
"product_tag-sitemap.xml","https://holypearl.co.il/product-tag/עיצוב-לשולחן/","","Pending content review","Sitemap membership only; HTTP/indexation not verified","Content editor + SEO maintainer","2026-09-04"
"product_tag-sitemap.xml","https://holypearl.co.il/product-tag/שבת/","","Pending content review","Sitemap membership only; HTTP/indexation not verified","Content editor + SEO maintainer","2026-09-04"
"product_tag-sitemap.xml","https://holypearl.co.il/product-tag/נטלן/","","Pending content review","Sitemap membership only; HTTP/indexation not verified","Content editor + SEO maintainer","2026-09-04"
"product_tag-sitemap.xml","https://holypearl.co.il/product-tag/נטילת-ידיים/","","Pending content review","Sitemap membership only; HTTP/indexation not verified","Content editor + SEO maintainer","2026-09-04"
"product_tag-sitemap.xml","https://holypearl.co.il/product-tag/פמוטים/","","Pending content review","Sitemap membership only; HTTP/indexation not verified","Content editor + SEO maintainer","2026-09-04"
"product_tag-sitemap.xml","https://holypearl.co.il/product-tag/כלי-כסף/","","Pending content review","Sitemap membership only; HTTP/indexation not verified","Content editor + SEO maintainer","2026-09-04"
"product_tag-sitemap.xml","https://holypearl.co.il/product-tag/צדקה-תציל-ממוות/","","Pending content review","Sitemap membership only; HTTP/indexation not verified","Content editor + SEO maintainer","2026-09-04"
"product_tag-sitemap.xml","https://holypearl.co.il/product-tag/בר-מצווה/","","Pending content review","Sitemap membership only; HTTP/indexation not verified","Content editor + SEO maintainer","2026-09-04"
"product_tag-sitemap.xml","https://holypearl.co.il/product-tag/תפילין/","","Pending content review","Sitemap membership only; HTTP/indexation not verified","Content editor + SEO maintainer","2026-09-04"
"product_tag-sitemap.xml","https://holypearl.co.il/product-tag/טלית/","","Pending content review","Sitemap membership only; HTTP/indexation not verified","Content editor + SEO maintainer","2026-09-04"
"product_tag-sitemap.xml","https://holypearl.co.il/product-tag/סידור-מלא/","","Pending content review","Sitemap membership only; HTTP/indexation not verified","Content editor + SEO maintainer","2026-09-04"
"product_tag-sitemap.xml","https://holypearl.co.il/product-tag/חתונה/","","Pending content review","Sitemap membership only; HTTP/indexation not verified","Content editor + SEO maintainer","2026-09-04"
"product_tag-sitemap.xml","https://holypearl.co.il/product-tag/מתחתן/","","Pending content review","Sitemap membership only; HTTP/indexation not verified","Content editor + SEO maintainer","2026-09-04"
"product_tag-sitemap.xml","https://holypearl.co.il/product-tag/סט-תפילין-וטלית/","","Pending content review","Sitemap membership only; HTTP/indexation not verified","Content editor + SEO maintainer","2026-09-04"
"product_tag-sitemap.xml","https://holypearl.co.il/product-tag/בית-מזוזה/","","Pending content review","Sitemap membership only; HTTP/indexation not verified","Content editor + SEO maintainer","2026-09-04"
"product_tag-sitemap.xml","https://holypearl.co.il/product-tag/מזוזה/","","Pending content review","Sitemap membership only; HTTP/indexation not verified","Content editor + SEO maintainer","2026-09-04"
"product_tag-sitemap.xml","https://holypearl.co.il/product-tag/אמיל/","","Pending content review","Sitemap membership only; HTTP/indexation not verified","Content editor + SEO maintainer","2026-09-04"
"product_tag-sitemap.xml","https://holypearl.co.il/product-tag/כסף/","","Pending content review","Sitemap membership only; HTTP/indexation not verified","Content editor + SEO maintainer","2026-09-04"
"product_tag-sitemap.xml","https://holypearl.co.il/product-tag/מתכת/","","Pending content review","Sitemap membership only; HTTP/indexation not verified","Content editor + SEO maintainer","2026-09-04"
"product_tag-sitemap.xml","https://holypearl.co.il/product-tag/מעמד-לספר/","","Pending content review","Sitemap membership only; HTTP/indexation not verified","Content editor + SEO maintainer","2026-09-04"
"product_tag-sitemap.xml","https://holypearl.co.il/product-tag/חמסה/","","Pending content review","Sitemap membership only; HTTP/indexation not verified","Content editor + SEO maintainer","2026-09-04"
"product_tag-sitemap.xml","https://holypearl.co.il/product-tag/עין-הרע/","","Pending content review","Sitemap membership only; HTTP/indexation not verified","Content editor + SEO maintainer","2026-09-04"
"product_tag-sitemap.xml","https://holypearl.co.il/product-tag/נגד-עין-הרע/","","Pending content review","Sitemap membership only; HTTP/indexation not verified","Content editor + SEO maintainer","2026-09-04"
"product_tag-sitemap.xml","https://holypearl.co.il/product-tag/כוונת-הלב/","","Pending content review","Sitemap membership only; HTTP/indexation not verified","Content editor + SEO maintainer","2026-09-04"
"product_tag-sitemap.xml","https://holypearl.co.il/product-tag/עבודת-השם/","","Pending content review","Sitemap membership only; HTTP/indexation not verified","Content editor + SEO maintainer","2026-09-04"
"product_tag-sitemap.xml","https://holypearl.co.il/product-tag/רינת-ישראל/","","Pending content review","Sitemap membership only; HTTP/indexation not verified","Content editor + SEO maintainer","2026-09-04"
"product_tag-sitemap.xml","https://holypearl.co.il/product-tag/סט-מחזורים/","","Pending content review","Sitemap membership only; HTTP/indexation not verified","Content editor + SEO maintainer","2026-09-04"
"product_tag-sitemap.xml","https://holypearl.co.il/product-tag/קידוש/","","Pending content review","Sitemap membership only; HTTP/indexation not verified","Content editor + SEO maintainer","2026-09-04"
"product_tag-sitemap.xml","https://holypearl.co.il/product-tag/גביע-מהודר/","","Pending content review","Sitemap membership only; HTTP/indexation not verified","Content editor + SEO maintainer","2026-09-04"

