"record_type","wp_id","title_or_slug","url","published","modified","content_chars","excerpt_chars","featured_media_id","source_taxonomy_ids","disposition","target_url","editorial_owner","verification_status","notes"
"product","2394","סטנדר עץ שולחן","https://holypearl.co.il/product/%d7%a1%d7%98%d7%a0%d7%93%d7%a8-%d7%a9%d7%95%d7%9c%d7%97%d7%9f-%d7%a2%d7%a5/","2020-05-10T12:45:55","2022-06-21T14:23:10","0","28","2390","cat:1554","","","","not reviewed",""
"product","2388","סטנדר שולחן מהודר","https://holypearl.co.il/product/%d7%a1%d7%98%d7%a0%d7%93%d7%a8-%d7%a9%d7%95%d7%9c%d7%97%d7%9f-%d7%9e%d7%94%d7%95%d7%93%d7%a8/","2020-05-10T12:43:43","2023-08-24T13:21:14","0","54","2389","cat:1566|cat:1554","","","","not reviewed",""
"product","2377","סידור רינת ישראל","https://holypearl.co.il/product/%d7%a1%d7%99%d7%93%d7%95%d7%a8-%d7%a8%d7%99%d7%a0%d7%aa-%d7%99%d7%a9%d7%a8%d7%90%d7%9c/","2020-05-10T12:33:34","2020-05-10T12:44:22","0","49","2361","cat:1398","","","","not reviewed",""
"product","2368","סידור רינת ישראל עור עתיק/מעובד","https://holypearl.co.il/product/%d7%a1%d7%99%d7%93%d7%95%d7%a8-%d7%a8%d7%99%d7%a0%d7%aa-%d7%99%d7%a9%d7%a8%d7%90%d7%9c-%d7%a2%d7%95%d7%a8-%d7%a2%d7%aa%d7%99%d7%a7-%d7%9e%d7%a2%d7%95%d7%91%d7%93/","2020-05-10T12:16:03","2023-08-24T13:22:17","0","95","2362","cat:1566|cat:1398","","","","not reviewed",""
"product","2364","סידור לבת ישראל ספרדי","https://holypearl.co.il/product/%d7%a1%d7%99%d7%93%d7%95%d7%a8-%d7%9c%d7%91%d7%aa-%d7%99%d7%a9%d7%a8%d7%90%d7%9c-%d7%a1%d7%a4%d7%a8%d7%93%d7%99/","2020-05-10T12:07:37","2020-05-10T12:15:40","0","30","2360","cat:1566","","","","not reviewed",""
"product","2355","סידור לרה קורן ספרד","https://holypearl.co.il/product/%d7%a1%d7%99%d7%93%d7%95%d7%a8-%d7%9c%d7%a8%d7%94-%d7%a7%d7%95%d7%a8%d7%9f-%d7%a1%d7%a4%d7%a8%d7%93/","2020-05-10T12:07:28","2020-05-10T12:07:28","0","42","2358","cat:1566","","","","not reviewed",""
"product","2347","טלית צמר רחלים תשבץ","https://holypearl.co.il/product/%d7%98%d7%9c%d7%99%d7%aa-%d7%a6%d7%9e%d7%a8-%d7%a8%d7%97%d7%9c%d7%99%d7%9d-%d7%aa%d7%a9%d7%91%d7%a5/","2020-05-10T11:50:26","2023-11-29T11:09:09","0","85","2323","cat:1395","","","","not reviewed",""
"product","2338","טלית צמר רחלים א.א","https://holypearl.co.il/product/%d7%98%d7%9c%d7%99%d7%aa-%d7%a6%d7%9e%d7%a8-%d7%a8%d7%97%d7%9c%d7%99%d7%9d-%d7%90-%d7%90-2/","2020-05-10T11:30:36","2023-11-29T11:18:47","0","24","2322","cat:1395","","","","not reviewed",""
"product","2324","טלית צמר רחלים א.א","https://holypearl.co.il/product/%d7%98%d7%9c%d7%99%d7%aa-%d7%a6%d7%9e%d7%a8-%d7%a8%d7%97%d7%9c%d7%99%d7%9d-%d7%90-%d7%90/","2020-05-10T11:20:41","2023-11-29T11:14:28","0","24","2320","cat:1395","","","","not reviewed",""
"product","2298","בדיקה מזוזה ותפילין","https://holypearl.co.il/product/%d7%91%d7%93%d7%99%d7%a7%d7%94-%d7%9e%d7%96%d7%95%d7%96%d7%94-%d7%95%d7%aa%d7%a4%d7%99%d7%9c%d7%99%d7%9f/","2020-05-06T20:04:21","2023-08-24T13:15:09","0","128","2299","cat:1566","","","","not reviewed",""
"product","2293","קלף למזוזה נוסח אשכנזי","https://holypearl.co.il/product/%d7%a7%d7%9c%d7%a3-%d7%9c%d7%9e%d7%96%d7%95%d7%96%d7%94-%d7%a0%d7%95%d7%a1%d7%97-%d7%90%d7%a9%d7%9b%d7%a0%d7%96%d7%99/","2020-05-06T19:48:20","2023-11-29T10:59:22","178","83","2283","cat:1566|cat:1551","","","","not reviewed",""
"product","2279","קלף למזוזה נוסח ספרדי","https://holypearl.co.il/product/%d7%a7%d7%9c%d7%a3-%d7%9c%d7%9e%d7%96%d7%95%d7%96%d7%94-%d7%a0%d7%95%d7%a1%d7%97-%d7%a1%d7%a4%d7%a8%d7%93%d7%99/","2020-05-06T19:48:01","2023-11-29T11:01:12","178","83","2283","cat:1566|cat:1550","","","","not reviewed",""
"product","2266","מגש חלה שבת עם סכין מהודר","https://holypearl.co.il/product/%d7%9e%d7%92%d7%a9-%d7%97%d7%9c%d7%94-%d7%a9%d7%91%d7%aa-%d7%a2%d7%9d-%d7%a1%d7%9b%d7%99%d7%9f-%d7%9e%d7%94%d7%95%d7%93%d7%a8/","2020-05-06T19:18:44","2020-05-06T19:25:42","0","86","2268","cat:1566|cat:1657|cat:1447","","","","not reviewed",""
"product","2244","בית מזוזה מתכת בצבע נקי","https://holypearl.co.il/product/%d7%91%d7%99%d7%aa-%d7%9e%d7%96%d7%95%d7%96%d7%94-%d7%9e%d7%aa%d7%9b%d7%aa-%d7%91%d7%a6%d7%91%d7%a2-%d7%a0%d7%a7%d7%99/","2020-05-06T18:57:48","2023-11-29T11:04:08","0","116","2245","cat:1549","","","","not reviewed",""
"product","2234","בית מזוזה פלסטיק כסוף","https://holypearl.co.il/product/%d7%91%d7%99%d7%aa-%d7%9e%d7%96%d7%95%d7%96%d7%94-%d7%a4%d7%9c%d7%a1%d7%98%d7%99%d7%a7-%d7%9b%d7%a1%d7%95%d7%a3/","2020-05-06T18:49:40","2020-05-06T18:57:16","0","98","2210","cat:1549","","","","not reviewed",""
"product","2227","בית מזוזה פלסטיק שחור","https://holypearl.co.il/product/%d7%91%d7%99%d7%aa-%d7%9e%d7%96%d7%95%d7%96%d7%94-%d7%a4%d7%9c%d7%a1%d7%98%d7%99%d7%a7-%d7%a9%d7%97%d7%95%d7%a8/","2020-05-06T18:42:16","2020-05-06T18:48:57","0","98","2209","cat:1549","","","","not reviewed",""
"product","2226","בית מזוזה זכוכית בעיצוב ירושלמי","https://holypearl.co.il/product/%d7%91%d7%99%d7%aa-%d7%9e%d7%96%d7%95%d7%96%d7%94-%d7%96%d7%9b%d7%95%d7%9b%d7%99%d7%aa-%d7%91%d7%a2%d7%99%d7%a6%d7%95%d7%91-%d7%99%d7%a8%d7%95%d7%a9%d7%9c%d7%9e%d7%99/","2020-05-06T18:40:40","2020-05-06T18:46:06","56","103","2208","cat:1549","","","","not reviewed",""
"product","2218","בית מזוזה זכוכית תכלת","https://holypearl.co.il/product/%d7%91%d7%99%d7%aa-%d7%9e%d7%96%d7%95%d7%96%d7%94-%d7%96%d7%9b%d7%95%d7%9b%d7%99%d7%aa-%d7%aa%d7%9b%d7%9c%d7%aa/","2020-05-06T18:23:17","2020-05-06T18:39:12","0","93","2207","cat:1549","","","","not reviewed",""
"product","2213","בית מזוזה אלומניום","https://holypearl.co.il/product/%d7%91%d7%99%d7%aa-%d7%9e%d7%96%d7%95%d7%96%d7%94-%d7%90%d7%9c%d7%95%d7%9e%d7%a0%d7%99%d7%95%d7%9d/","2020-05-06T18:19:19","2020-05-06T18:37:34","0","62","2206","cat:1549","","","","not reviewed",""
"product","2212","בית מזוזה מתכת","https://holypearl.co.il/product/%d7%91%d7%99%d7%aa-%d7%9e%d7%96%d7%95%d7%96%d7%94-%d7%9e%d7%aa%d7%9b%d7%aa/","2020-05-06T18:16:28","2020-05-06T18:39:01","0","85","2204","cat:1549","","","","not reviewed",""
"product","2202","בית מזוזה אבן רימונים","https://holypearl.co.il/product/%d7%91%d7%99%d7%aa-%d7%9e%d7%96%d7%95%d7%96%d7%94-%d7%90%d7%91%d7%9f-%d7%a8%d7%99%d7%9e%d7%95%d7%a0%d7%99%d7%9d/","2020-05-06T18:07:07","2020-05-06T18:08:16","0","81","2184","cat:1549|cat:1566","","","","not reviewed",""
"product","2198","בית מזוזה בעיצוב צעיר","https://holypearl.co.il/product/%d7%91%d7%99%d7%aa-%d7%9e%d7%96%d7%95%d7%96%d7%94-%d7%91%d7%a2%d7%99%d7%a6%d7%95%d7%91-%d7%a6%d7%a2%d7%99%d7%a8/","2020-05-06T18:00:32","2020-05-06T18:06:41","0","81","2183","cat:1549|cat:1566","","","","not reviewed",""
"product","2194","בית מזוזה בסגנון ירושלמי","https://holypearl.co.il/product/%d7%91%d7%99%d7%aa-%d7%9e%d7%96%d7%95%d7%96%d7%94-%d7%90%d7%91%d7%9f-%d7%94%d7%a2%d7%aa%d7%a7/","2020-05-06T17:58:35","2020-05-06T18:06:55","0","73","2182","cat:1549|cat:1566","","","","not reviewed",""
"product","2188","בית מזוזה אבן מלבני","https://holypearl.co.il/product/%d7%91%d7%99%d7%aa-%d7%9e%d7%96%d7%95%d7%96%d7%94-%d7%90%d7%91%d7%9f-%d7%9e%d7%9c%d7%91%d7%a0%d7%99/","2020-05-06T17:53:45","2020-05-06T17:58:29","0","95","2181","cat:1549","","","","not reviewed",""
"product","2177","בית מזוזה אבן","https://holypearl.co.il/product/%d7%91%d7%99%d7%aa-%d7%9e%d7%96%d7%95%d7%96%d7%94-%d7%90%d7%91%d7%9f/","2020-05-06T17:51:01","2020-05-06T17:57:52","0","84","2180","cat:1549","","","","not reviewed",""
"product","2163","כיפה סרוגה שחורה עם פס","https://holypearl.co.il/product/%d7%9b%d7%99%d7%a4%d7%94-%d7%a1%d7%a8%d7%95%d7%92%d7%94-%d7%a9%d7%97%d7%95%d7%a8%d7%94-%d7%a2%d7%9d-%d7%a4%d7%a1/","2020-05-06T17:42:13","2020-05-06T17:43:39","0","33","2174","cat:1608|tag:1409|tag:1403|tag:1410","","","","not reviewed",""
"product","2153","כיפה סרוגה שחורה עם פס","https://holypearl.co.il/product/%d7%9b%d7%99%d7%a4%d7%94-%d7%a1%d7%a8%d7%95%d7%92%d7%94-%d7%a9%d7%97%d7%95%d7%a8%d7%94-%d7%a2%d7%9d-%d7%a4%d7%a1-2/","2020-05-06T17:42:08","2020-05-06T17:43:44","0","33","2173","cat:1608|tag:1409|tag:1403|tag:1410","","","","not reviewed",""
"product","2142","כיפה סרוגה תכלת עם פס","https://holypearl.co.il/product/%d7%9b%d7%99%d7%a4%d7%94-%d7%a1%d7%a8%d7%95%d7%92%d7%94-%d7%aa%d7%9b%d7%9c%d7%aa-%d7%a2%d7%9d-%d7%a4%d7%a1-3/","2020-05-06T17:39:05","2020-05-06T17:41:49","0","33","2140","cat:1608|tag:1409|tag:1403|tag:1410","","","","not reviewed",""
"product","2129","כיפה סרוגה תכלת עם פס","https://holypearl.co.il/product/%d7%9b%d7%99%d7%a4%d7%94-%d7%a1%d7%a8%d7%95%d7%92%d7%94-%d7%aa%d7%9b%d7%9c%d7%aa-%d7%a2%d7%9d-%d7%a4%d7%a1-2/","2020-05-06T17:36:50","2020-05-06T17:38:33","0","33","2139","cat:1608|tag:1409|tag:1403|tag:1410","","","","not reviewed",""
"product","2117","כיפה סרוגה תכלת עם פס","https://holypearl.co.il/product/%d7%9b%d7%99%d7%a4%d7%94-%d7%a1%d7%a8%d7%95%d7%92%d7%94-%d7%aa%d7%9b%d7%9c%d7%aa-%d7%a2%d7%9d-%d7%a4%d7%a1/","2020-05-06T17:34:56","2020-05-06T17:36:36","0","33","2083","cat:1608|tag:1409|tag:1403|tag:1410","","","","not reviewed",""
"product","2106","כיפה סרוגה ירוקה עם פס","https://holypearl.co.il/product/%d7%9b%d7%99%d7%a4%d7%94-%d7%a1%d7%a8%d7%95%d7%92%d7%94-%d7%99%d7%a8%d7%95%d7%a7%d7%94-%d7%a2%d7%9d-%d7%a4%d7%a1/","2020-05-06T17:33:20","2020-05-07T19:55:27","0","33","2081","cat:1608|tag:1409|tag:1403|tag:1410","","","","not reviewed",""
"product","2095","כיפה סרוגה כחולה עם פס","https://holypearl.co.il/product/%d7%9b%d7%99%d7%a4%d7%94-%d7%a1%d7%a8%d7%95%d7%92%d7%94-%d7%9b%d7%97%d7%95%d7%9c%d7%94-%d7%a2%d7%9d-%d7%a4%d7%a1-3/","2020-05-06T17:32:31","2020-05-06T17:33:08","0","33","2080","cat:1608|tag:1409|tag:1403|tag:1410","","","","not reviewed",""
"product","2084","כיפה סרוגה כחולה עם פס","https://holypearl.co.il/product/%d7%9b%d7%99%d7%a4%d7%94-%d7%a1%d7%a8%d7%95%d7%92%d7%94-%d7%9b%d7%97%d7%95%d7%9c%d7%94-%d7%a2%d7%9d-%d7%a4%d7%a1-2/","2020-05-06T17:31:41","2020-05-07T19:55:49","0","33","2079","cat:1608|tag:1409|tag:1403|tag:1410","","","","not reviewed",""
"product","2068","כיפה סרוגה כחולה עם פס","https://holypearl.co.il/product/%d7%9b%d7%99%d7%a4%d7%94-%d7%a1%d7%a8%d7%95%d7%92%d7%94-%d7%9b%d7%97%d7%95%d7%9c%d7%94-%d7%a2%d7%9d-%d7%a4%d7%a1/","2020-05-06T17:28:41","2020-05-06T17:30:49","0","33","2078","cat:1608|tag:1409|tag:1403|tag:1410","","","","not reviewed",""
"product","2056","כיפה סרוגה אפורה","https://holypearl.co.il/product/%d7%9b%d7%99%d7%a4%d7%94-%d7%a1%d7%a8%d7%95%d7%92%d7%94-%d7%90%d7%a4%d7%95%d7%a8%d7%94/","2020-05-06T17:26:19","2020-05-06T17:28:33","0","32","2066","cat:1608|tag:1409|tag:1403|tag:1410","","","","not reviewed",""
"product","2044","כיפה סרוגה שחורה","https://holypearl.co.il/product/%d7%9b%d7%99%d7%a4%d7%94-%d7%a1%d7%a8%d7%95%d7%92%d7%94-%d7%a9%d7%97%d7%95%d7%a8%d7%94/","2020-05-06T17:23:39","2020-05-06T17:26:07","0","33","2054","cat:1608|tag:1409|tag:1403|tag:1410","","","","not reviewed",""
"product","2032","כיפה סרוגה אמריקאית","https://holypearl.co.il/product/%d7%9b%d7%99%d7%a4%d7%94-%d7%a1%d7%a8%d7%95%d7%92%d7%94-%d7%90%d7%9e%d7%a8%d7%99%d7%a7%d7%90%d7%99%d7%aa-3/","2020-05-06T17:21:53","2020-05-06T17:23:16","0","33","2042","cat:1608|tag:1409|tag:1403|tag:1410","","","","not reviewed",""
"product","2020","כיפה סרוגה אמריקאית","https://holypearl.co.il/product/%d7%9b%d7%99%d7%a4%d7%94-%d7%a1%d7%a8%d7%95%d7%92%d7%94-%d7%90%d7%9e%d7%a8%d7%99%d7%a7%d7%90%d7%99%d7%aa-2/","2020-05-06T17:18:48","2020-05-06T17:21:26","0","33","2030","cat:1608|tag:1409|tag:1403|tag:1410","","","","not reviewed",""
"product","2008","כיפה סרוגה אמריקאית","https://holypearl.co.il/product/%d7%9b%d7%99%d7%a4%d7%94-%d7%a1%d7%a8%d7%95%d7%92%d7%94-%d7%90%d7%9e%d7%a8%d7%99%d7%a7%d7%90%d7%99%d7%aa/","2020-05-06T17:13:53","2020-05-06T17:18:34","0","35","2018","cat:1608|tag:1409|tag:1403|tag:1410","","","","not reviewed",""
"product","1690","משפך 8 כוסות עם רגל","https://holypearl.co.il/product/%d7%9e%d7%a9%d7%a4%d7%9a-8-%d7%9b%d7%95%d7%a1%d7%95%d7%aa-%d7%a2%d7%9d-%d7%a8%d7%92%d7%9c/","2020-05-02T22:13:36","2020-05-07T19:44:34","0","0","1687","cat:1607","","","","not reviewed",""
"product","1679","מעמד לברכונים","https://holypearl.co.il/product/%d7%9e%d7%a2%d7%9e%d7%93-%d7%9c%d7%91%d7%a8%d7%9b%d7%95%d7%a0%d7%99%d7%9d-2/","2020-05-02T22:06:51","2020-05-03T23:52:47","0","30","1672","cat:1604","","","","not reviewed",""
"product","1671","מעמד לברכונים","https://holypearl.co.il/product/%d7%9e%d7%a2%d7%9e%d7%93-%d7%9c%d7%91%d7%a8%d7%9b%d7%95%d7%a0%d7%99%d7%9d/","2020-05-02T22:05:48","2020-05-03T23:53:20","0","71","1673","cat:1604","","","","not reviewed",""
"product","1666","נר הבדלה מעוצב","https://holypearl.co.il/product/%d7%a0%d7%a8-%d7%94%d7%91%d7%93%d7%9c%d7%94-%d7%9e%d7%a2%d7%95%d7%a6%d7%91-2/","2020-05-02T21:56:49","2020-05-07T19:39:37","0","48","1647","cat:1523","","","","not reviewed",""
"product","1662","שמן מאור","https://holypearl.co.il/product/%d7%a9%d7%9e%d7%9f-%d7%9e%d7%90%d7%95%d7%a8/","2020-05-02T21:53:55","2020-05-07T20:02:31","0","52","1664","cat:1523|cat:1567","","","","not reviewed",""
"product","1658","נר הבדלה","https://holypearl.co.il/product/%d7%a0%d7%a8-%d7%94%d7%91%d7%93%d7%9c%d7%94/","2020-05-02T21:51:29","2020-05-07T19:40:20","0","58","1646","cat:1381|cat:1523","","","","not reviewed",""
"product","1653","נרונים","https://holypearl.co.il/product/%d7%a0%d7%a8%d7%95%d7%a0%d7%99%d7%9d/","2020-05-02T21:49:24","2020-05-07T19:41:37","0","53","1648","cat:1381|cat:1523|cat:1566","","","","not reviewed",""
"product","1635","כלי זכוכית לשמן מאור","https://holypearl.co.il/product/%d7%a0%d7%a8-%d7%96%d7%9b%d7%95%d7%9b%d7%99%d7%aa-%d7%9c%d7%a9%d7%9e%d7%9f-%d7%9e%d7%90%d7%95%d7%a8/","2020-05-02T21:41:19","2020-05-07T19:53:09","0","68","1636","cat:1381|cat:1523|cat:1567","","","","not reviewed",""
"product","1631","כיסוי לפלטת שבת","https://holypearl.co.il/product/%d7%9b%d7%99%d7%a1%d7%95%d7%99-%d7%9c%d7%a4%d7%9c%d7%98%d7%aa-%d7%a9%d7%91%d7%aa-2/","2020-05-02T21:33:26","2020-05-03T23:43:54","0","49","1621","cat:1560|cat:1566|tag:1516","","","","not reviewed",""
"product","1627","כיסוי לפלטת שבת – פס","https://holypearl.co.il/product/%d7%9b%d7%99%d7%a1%d7%95%d7%99-%d7%9c%d7%a4%d7%9c%d7%98%d7%aa-%d7%a9%d7%91%d7%aa-%d7%a4%d7%a1/","2020-05-02T21:30:03","2020-05-07T19:45:31","0","49","1619","cat:1560|tag:1516","","","","not reviewed",""
"product","1623","כיסוי לפלטת שבת – פישתן","https://holypearl.co.il/product/%d7%9b%d7%99%d7%a1%d7%95%d7%99-%d7%9c%d7%a4%d7%9c%d7%98%d7%aa-%d7%a9%d7%91%d7%aa-%d7%a4%d7%99%d7%a9%d7%aa%d7%9f/","2020-05-02T21:24:34","2020-05-07T19:29:25","0","49","1618","cat:1560|tag:1516","","","","not reviewed",""
"product","1615","כיסוי לפלטת שבת","https://holypearl.co.il/product/%d7%9b%d7%99%d7%a1%d7%95%d7%99-%d7%9c%d7%a4%d7%9c%d7%98%d7%aa-%d7%a9%d7%91%d7%aa/","2020-05-02T21:24:22","2020-05-07T19:29:45","0","0","1616","cat:1560|tag:1516","","","","not reviewed",""
"product","1611","כוס קידוש נמוך","https://holypearl.co.il/product/%d7%9b%d7%95%d7%a1-%d7%a7%d7%99%d7%93%d7%95%d7%a9-%d7%a0%d7%9e%d7%95%d7%9a/","2020-05-02T21:16:54","2020-05-07T19:45:59","0","59","1591","cat:1593|tag:1596|tag:1595|tag:1516","","","","not reviewed",""
"product","1609","כוס קידוש מפוארת עם רגל","https://holypearl.co.il/product/%d7%9b%d7%95%d7%a1-%d7%a7%d7%99%d7%93%d7%95%d7%a9-%d7%9e%d7%a4%d7%95%d7%90%d7%a8%d7%aa-%d7%a2%d7%9d-%d7%a8%d7%92%d7%9c/","2020-05-02T21:16:01","2020-05-07T19:46:14","0","40","1589","cat:1593|tag:1596|tag:1595|tag:1516","","","","not reviewed",""
"product","1602","כוס קידוש ירושלים (מרובע)","https://holypearl.co.il/product/%d7%9b%d7%95%d7%a1-%d7%a7%d7%99%d7%93%d7%95%d7%a9-%d7%99%d7%a8%d7%95%d7%a9%d7%9c%d7%99%d7%9d-%d7%9e%d7%a8%d7%95%d7%91%d7%a2/","2020-05-02T21:13:46","2020-05-07T19:46:31","0","40","1586","cat:1593|tag:1596|tag:1595|tag:1516","","","","not reviewed",""
"product","1595","כוס קידוש פיוטר","https://holypearl.co.il/product/%d7%9b%d7%95%d7%a1-%d7%a7%d7%99%d7%93%d7%95%d7%a9-%d7%90%d7%a9%d7%9b%d7%95%d7%9c/","2020-05-02T20:50:06","2020-05-07T19:46:43","0","59","1588","cat:1593|tag:1596|tag:1595|tag:1516","","","","not reviewed",""
"product","1583","כוס קידוש – ירושלים מגן דוד","https://holypearl.co.il/product/%d7%9b%d7%95%d7%a1-%d7%a7%d7%99%d7%93%d7%95%d7%a9-%d7%99%d7%a8%d7%95%d7%a9%d7%9c%d7%99%d7%9d-%d7%9e%d7%92%d7%9f-%d7%93%d7%95%d7%93/","2020-05-02T20:43:38","2020-05-07T19:46:54","0","67","1584","cat:1593|tag:1596|tag:1595|tag:1516","","","","not reviewed",""
"product","1580","כוס קידוש בעיטור אבני חושן","https://holypearl.co.il/product/%d7%9b%d7%95%d7%a1-%d7%a7%d7%99%d7%93%d7%95%d7%a9-%d7%91%d7%a2%d7%99%d7%98%d7%95%d7%a8-%d7%90%d7%91%d7%a0%d7%99-%d7%97%d7%95%d7%a9%d7%9f/","2020-04-30T19:52:43","2022-06-21T15:29:19","0","64","1572","cat:1593|tag:1596|tag:1595|tag:1516","","","","not reviewed",""
"product","1575","כוס קידוש בעיצוב כדור ירושלים (כסף)","https://holypearl.co.il/product/%d7%9b%d7%95%d7%a1-%d7%a7%d7%99%d7%93%d7%95%d7%a9-%d7%91%d7%a2%d7%99%d7%98%d7%95%d7%a8-%d7%90%d7%91%d7%a0%d7%99-%d7%97%d7%95%d7%a9%d7%9f-%d7%9b%d7%a1%d7%a3/","2020-04-30T19:50:02","2020-05-07T19:47:18","0","49","1573","cat:1593|tag:1596|tag:1595|tag:1516","","","","not reviewed",""
"product","1570","כוס אליהו ירושלים (כסף)","https://holypearl.co.il/product/%d7%9b%d7%95%d7%a1-%d7%90%d7%9c%d7%99%d7%94%d7%95-%d7%99%d7%a8%d7%95%d7%a9%d7%9c%d7%99%d7%9d-%d7%9b%d7%a1%d7%a3/","2020-04-30T19:48:54","2020-05-07T19:47:27","0","78","1571","cat:1593|tag:1596|tag:1595|tag:1516","","","","not reviewed",""
"product","1567","סידור רינת ישראל בכריכת עור עתיק","https://holypearl.co.il/product/%d7%a1%d7%99%d7%93%d7%95%d7%a8-%d7%a8%d7%99%d7%a0%d7%aa-%d7%99%d7%a9%d7%a8%d7%90%d7%9c-%d7%91%d7%9b%d7%a8%d7%99%d7%9b%d7%aa-%d7%a2%d7%95%d7%a8-%d7%a2%d7%aa%d7%99%d7%a7/","2020-04-30T19:38:31","2020-05-03T23:24:40","0","0","1568","cat:1398|tag:1592|tag:1591","","","","not reviewed",""
"product","1564","סט חמישה מחזורים  – רינת ישראל עור ממוחזר","https://holypearl.co.il/product/%d7%a1%d7%98-%d7%97%d7%9e%d7%99%d7%a9%d7%94-%d7%9e%d7%97%d7%96%d7%95%d7%a8%d7%99%d7%9d-%d7%a8%d7%99%d7%a0%d7%aa-%d7%99%d7%a9%d7%a8%d7%90%d7%9c-%d7%a2%d7%95%d7%a8-%d7%9e%d7%9e%d7%95%d7%97%d7%96-2/","2020-04-30T19:32:39","2020-05-03T23:30:22","0","90","1565","cat:1398|cat:1400|tag:1592|tag:1591","","","","not reviewed",""
"product","1561","סט חמישה מחזורים  – רינת ישראל עור ממוחזר","https://holypearl.co.il/product/%d7%a1%d7%98-%d7%97%d7%9e%d7%99%d7%a9%d7%94-%d7%9e%d7%97%d7%96%d7%95%d7%a8%d7%99%d7%9d-%d7%a8%d7%99%d7%a0%d7%aa-%d7%99%d7%a9%d7%a8%d7%90%d7%9c-%d7%a2%d7%95%d7%a8-%d7%9e%d7%9e%d7%95%d7%97%d7%96/","2020-04-30T19:25:03","2020-05-07T19:43:27","0","117","1562","cat:1590|tag:1592|tag:1591","","","","not reviewed",""
"product","1554","סט מחזורים קורן לרה – ר""ה, יו""הכ ושלושת רגלים","https://holypearl.co.il/product/%d7%a1%d7%98-%d7%9e%d7%97%d7%96%d7%95%d7%a8%d7%99%d7%9d-%d7%a7%d7%95%d7%a8%d7%9f-%d7%9c%d7%a8%d7%94-%d7%a8%d7%94-%d7%99%d7%95%d7%94%d7%9b-%d7%95%d7%a9%d7%9c%d7%95%d7%a9%d7%aa-%d7%a8%d7%92%d7%9c/","2020-04-30T19:09:36","2020-05-03T23:31:23","0","88","1559","cat:1400|tag:1540|tag:1584","","","","not reviewed",""
"product","1550","סידור עבודת השם – עור ממחוזר","https://holypearl.co.il/product/%d7%a1%d7%99%d7%93%d7%95%d7%a8-%d7%a2%d7%91%d7%95%d7%93%d7%aa-%d7%94%d7%a9%d7%9d-%d7%a2%d7%95%d7%a8-%d7%9e%d7%9e%d7%97%d7%95%d7%96%d7%a8/","2020-04-30T18:48:37","2020-05-03T23:34:14","0","118","1545","cat:1400|tag:1540|tag:1584","","","","not reviewed",""
"product","1537","סידור עבודת השם מהודר עם כתר","https://holypearl.co.il/product/%d7%99%d7%93%d7%95%d7%a8-%d7%a2%d7%91%d7%95%d7%93%d7%aa-%d7%94%d7%a9%d7%9d-%d7%9e%d7%94%d7%95%d7%93%d7%a8-%d7%a2%d7%9d-%d7%9b%d7%aa%d7%a8/","2020-04-30T18:26:53","2020-05-03T23:28:10","0","143","1540","cat:1400|tag:1540|tag:1584","","","","not reviewed",""
"product","1528","עבודת השם – לבת ישראל","https://holypearl.co.il/product/%d7%a2%d7%91%d7%95%d7%93%d7%aa-%d7%94%d7%a9%d7%9d-%d7%9c%d7%91%d7%aa-%d7%99%d7%a9%d7%a8%d7%90%d7%9c/","2020-04-30T14:44:40","2020-05-03T23:26:18","0","159","1533","cat:1398|tag:1570|tag:1540","","","","not reviewed",""
"product","1520","סידור כוונת הלב – לבת ישראל דמוי עור","https://holypearl.co.il/product/%d7%a1%d7%99%d7%93%d7%95%d7%a8-%d7%9b%d7%95%d7%95%d7%a0%d7%aa-%d7%94%d7%9c%d7%91-%d7%9c%d7%91%d7%aa-%d7%99%d7%a9%d7%a8%d7%90%d7%9c-%d7%93%d7%9e%d7%95%d7%99-%d7%a2%d7%95%d7%a8/","2020-04-30T12:45:18","2020-05-03T23:21:49","0","200","1523","cat:1398|tag:1570|tag:1540","","","","not reviewed",""
"product","1507","סידור כוונת הלב – לבת ישראל דמוי עור (גודל כיס)","https://holypearl.co.il/product/%d7%a1%d7%99%d7%93%d7%95%d7%a8-%d7%9b%d7%95%d7%95%d7%a0%d7%aa-%d7%94%d7%9c%d7%91-%d7%9c%d7%91%d7%aa-%d7%99%d7%a9%d7%a8%d7%90%d7%9c-%d7%93%d7%9e%d7%95%d7%99-%d7%a2%d7%95%d7%a8-%d7%92%d7%95%d7%93/","2020-04-30T12:21:54","2020-05-03T23:20:44","0","148","1511","cat:1398|tag:1570|tag:1540","","","","not reviewed",""
"product","1502","סט מחזורים כוונת הלב – כריכת סקאי","https://holypearl.co.il/product/%d7%a1%d7%98-%d7%9e%d7%97%d7%96%d7%95%d7%a8%d7%99%d7%9d-%d7%9b%d7%95%d7%95%d7%a0%d7%aa-%d7%94%d7%9c%d7%91-%d7%9b%d7%a8%d7%99%d7%9b%d7%aa-%d7%a1%d7%a7%d7%90%d7%99/","2020-04-30T12:17:22","2022-06-21T14:21:17","0","92","1505","cat:1400|tag:1570|tag:1540","","","","not reviewed",""
"product","1494","סידור כוונת הלב – דמוי עור","https://holypearl.co.il/product/%d7%a1%d7%99%d7%93%d7%95%d7%a8-%d7%9b%d7%95%d7%95%d7%a0%d7%aa-%d7%94%d7%9c%d7%91-%d7%93%d7%9e%d7%95%d7%99-%d7%a2%d7%95%d7%a8/","2020-04-29T12:49:20","2020-05-03T23:17:58","0","93","1497","cat:1400|tag:1570|tag:1540","","","","not reviewed",""
"product","1484","סידור כוונת הלב – כריכת סקאי","https://holypearl.co.il/product/%d7%a1%d7%99%d7%93%d7%95%d7%a8-%d7%9b%d7%95%d7%95%d7%a0%d7%aa-%d7%94%d7%9c%d7%91-%d7%9b%d7%a8%d7%99%d7%9b%d7%aa-%d7%a1%d7%a7%d7%90%d7%99/","2020-04-29T12:48:44","2022-06-21T15:26:26","0","153","1485","cat:1400|tag:1570|tag:1540","","","","not reviewed",""
"product","1452","תפילין","https://holypearl.co.il/product/%d7%aa%d7%a4%d7%99%d7%9c%d7%99%d7%9f/","2020-04-28T20:55:04","2024-04-05T14:18:42","119","95","1453","cat:1566|cat:1379","","","","not reviewed",""
"product","1446","חמסה בשילוב עץ רימונים נתלה","https://holypearl.co.il/product/%d7%97%d7%9e%d7%a1%d7%94-%d7%91%d7%a9%d7%99%d7%9c%d7%95%d7%91-%d7%a2%d7%a5-%d7%a8%d7%99%d7%9e%d7%95%d7%a0%d7%99%d7%9d-%d7%a0%d7%aa%d7%9c%d7%94/","2020-04-28T20:51:32","2020-05-07T19:47:40","0","0","1427","cat:1556|cat:1562|cat:1447|tag:1563|tag:1565|tag:1564","","","","not reviewed",""
"product","1442","חמסה אמייל חמסה קטנה בתוכה","https://holypearl.co.il/product/%d7%97%d7%9e%d7%a1%d7%94-%d7%90%d7%9e%d7%99%d7%99%d7%9c-%d7%97%d7%9e%d7%a1%d7%94-%d7%a7%d7%98%d7%a0%d7%94-%d7%91%d7%aa%d7%95%d7%9b%d7%94/","2020-04-28T20:47:53","2020-05-03T22:52:48","0","0","1431","cat:1556|cat:1562|cat:1447|tag:1563|tag:1565|tag:1564","","","","not reviewed",""
"product","1438","חמסה מעוצבת עם אבני חושן","https://holypearl.co.il/product/%d7%97%d7%9e%d7%a1%d7%94-%d7%9e%d7%a2%d7%95%d7%a6%d7%91%d7%aa-%d7%a2%d7%9d-%d7%90%d7%91%d7%a0%d7%99-%d7%97%d7%95%d7%a9%d7%9f/","2020-04-28T20:44:19","2020-05-03T22:52:34","0","0","1428","cat:1556|cat:1562|cat:1447|tag:1563|tag:1565|tag:1564","","","","not reviewed",""
"product","1424","חמסה לתלייה מעוצבת","https://holypearl.co.il/product/%d7%97%d7%9e%d7%a1%d7%94-%d7%9c%d7%aa%d7%9c%d7%99%d7%99%d7%94-%d7%90%d7%9e%d7%99%d7%99%d7%9c/","2020-04-28T20:44:03","2020-05-03T22:51:20","0","0","1425","cat:1556|cat:1562|cat:1447|tag:1563|tag:1565|tag:1564","","","","not reviewed",""
"product","1404","סטנדר עץ טבעי חיתוך לייזר","https://holypearl.co.il/product/%d7%a1%d7%98%d7%a0%d7%93%d7%a8-%d7%a2%d7%a5-%d7%98%d7%91%d7%a2%d7%99-%d7%97%d7%99%d7%aa%d7%95%d7%9a-%d7%9c%d7%99%d7%99%d7%96%d7%a8/","2020-04-28T19:56:11","2020-05-03T22:49:21","19","52","1402","cat:1554|tag:1555","","","","not reviewed",""
"product","1400","סטנדר שער וילנא תחרה לבנה","https://holypearl.co.il/product/%d7%a1%d7%98%d7%a0%d7%93%d7%a8-%d7%a9%d7%a2%d7%a8-%d7%95%d7%99%d7%9c%d7%a0%d7%90-%d7%aa%d7%97%d7%a8%d7%94-%d7%9c%d7%91%d7%a0%d7%94/","2020-04-28T19:55:58","2020-05-10T12:44:08","19","52","1401","cat:1566|cat:1554|tag:1555","","","","not reviewed",""
"product","1398","מזוזה משולבת ברכות","https://holypearl.co.il/product/%d7%9e%d7%96%d7%95%d7%96%d7%94-%d7%9e%d7%a9%d7%95%d7%9c%d7%91%d7%aa-%d7%91%d7%a8%d7%9b%d7%95%d7%aa/","2020-04-28T19:48:56","2020-05-03T22:12:43","0","51","1394","cat:1549|tag:1545|tag:1553","","","","not reviewed",""
"product","1396","מזוזה מפתח פרנסה","https://holypearl.co.il/product/%d7%9e%d7%96%d7%95%d7%96%d7%94-%d7%9e%d7%a4%d7%aa%d7%97-%d7%a4%d7%a8%d7%a0%d7%a1%d7%94/","2020-04-28T19:47:34","2020-05-03T22:16:32","0","51","1393","cat:1549|tag:1545|tag:1553","","","","not reviewed",""
"product","1391","מזוזה פסים שחורים אפורים","https://holypearl.co.il/product/%d7%9e%d7%96%d7%95%d7%96%d7%94-%d7%a4%d7%a1%d7%99%d7%9d-%d7%a9%d7%97%d7%95%d7%a8%d7%99%d7%9d-%d7%90%d7%a4%d7%95%d7%a8%d7%99%d7%9d/","2020-04-28T19:39:14","2020-05-03T22:21:45","52","14","1392","cat:1549|tag:1545|tag:1553","","","","not reviewed",""
"product","1389","מזוזה חלקה","https://holypearl.co.il/product/%d7%9e%d7%96%d7%95%d7%96%d7%94-%d7%97%d7%9c%d7%a7%d7%94/","2020-04-28T19:37:13","2020-05-03T22:10:30","0","51","1369","cat:1549|tag:1547|tag:1545|tag:1548","","","","not reviewed",""
"product","1386","מזוזה פולי מבריק","https://holypearl.co.il/product/%d7%9e%d7%96%d7%95%d7%96%d7%94-%d7%a4%d7%95%d7%9c%d7%99-%d7%9e%d7%91%d7%a8%d7%99%d7%a7/","2020-04-28T19:34:42","2020-05-03T22:10:45","0","51","1368","cat:1549|tag:1547|tag:1545|tag:1548","","","","not reviewed",""
"product","1384","מזוזה פולי אבנים","https://holypearl.co.il/product/%d7%9e%d7%96%d7%95%d7%96%d7%94-%d7%a4%d7%95%d7%9c%d7%99-%d7%90%d7%91%d7%a0%d7%99%d7%9d/","2020-04-28T19:34:00","2020-05-03T22:17:40","0","51","1367","cat:1549|tag:1547|tag:1545|tag:1548","","","","not reviewed",""
"product","1382","מזוזה פולי אבנים חומות","https://holypearl.co.il/product/%d7%9e%d7%96%d7%95%d7%96%d7%94-%d7%a4%d7%95%d7%9c%d7%99-%d7%90%d7%91%d7%a0%d7%99%d7%9d-%d7%97%d7%95%d7%9e%d7%95%d7%aa/","2020-04-28T19:33:06","2020-05-03T22:08:10","0","51","1365","cat:1549|tag:1547|tag:1545|tag:1548","","","","not reviewed",""
"product","1380","מזוזה פולי פרח","https://holypearl.co.il/product/%d7%9e%d7%96%d7%95%d7%96%d7%94-%d7%a4%d7%95%d7%9c%d7%99-%d7%a4%d7%a8%d7%97/","2020-04-28T19:30:57","2020-05-03T22:18:08","0","51","1362","cat:1549|tag:1547|tag:1545|tag:1548","","","","not reviewed",""
"product","1375","טלית מהודרת","https://holypearl.co.il/product/%d7%98%d7%9c%d7%99%d7%aa-%d7%9e%d7%94%d7%95%d7%93%d7%a8%d7%aa/","2020-04-28T19:29:28","2023-11-29T11:15:11","0","14","1340","cat:1395","","","","not reviewed",""
"product","1374","מזוזה פולי חומות ירושלים","https://holypearl.co.il/product/%d7%9e%d7%96%d7%95%d7%96%d7%94-%d7%a4%d7%95%d7%9c%d7%99-%d7%97%d7%95%d7%9e%d7%95%d7%aa-%d7%99%d7%a8%d7%95%d7%a9%d7%9c%d7%99%d7%9d/","2020-04-28T19:28:25","2020-05-03T22:17:58","0","51","1361","cat:1549|tag:1547|tag:1545|tag:1548","","","","not reviewed",""
"product","1372","בית מזוזה סגנון עתיק","https://holypearl.co.il/product/%d7%91%d7%99%d7%aa-%d7%9e%d7%96%d7%95%d7%96%d7%94-%d7%a1%d7%92%d7%a0%d7%95%d7%9f-%d7%a2%d7%aa%d7%99%d7%a7/","2020-04-28T19:24:16","2020-05-03T22:06:19","0","51","1360","cat:1549|tag:1547|tag:1545|tag:1548","","","","not reviewed",""
"product","1358","מזוזה עם עיטורים חריטה","https://holypearl.co.il/product/%d7%9e%d7%96%d7%95%d7%96%d7%94-%d7%a2%d7%9d-%d7%a2%d7%99%d7%98%d7%95%d7%a8%d7%99%d7%9d-%d7%97%d7%a8%d7%99%d7%98%d7%94/","2020-04-28T19:22:03","2020-05-03T22:17:51","0","51","1359","cat:1549|tag:1547|tag:1545|tag:1548","","","","not reviewed",""
"product","1353","מזוזת זכוכית מעוצבת","https://holypearl.co.il/product/%d7%9e%d7%96%d7%95%d7%96%d7%aa-%d7%96%d7%9b%d7%95%d7%9b%d7%99%d7%aa-%d7%9e%d7%a2%d7%95%d7%a6%d7%91%d7%aa/","2020-04-28T18:57:13","2020-05-03T22:03:02","0","52","1354","cat:1549|tag:1545|tag:1442|tag:1546","","","","not reviewed",""
"product","1338","ערכה למתחתן","https://holypearl.co.il/product/%d7%a2%d7%a8%d7%9b%d7%94-%d7%9c%d7%9e%d7%aa%d7%97%d7%aa%d7%9f/","2020-04-28T18:47:42","2020-05-03T21:24:07","0","171","1342","cat:1536|tag:1541|tag:1542|tag:1543","","","","not reviewed",""
"product","1315","ערכת בר מצווה","https://holypearl.co.il/product/%d7%a2%d7%a8%d7%9b%d7%aa-%d7%91%d7%a8-%d7%9e%d7%a6%d7%95%d7%95%d7%94/","2020-04-27T18:25:23","2020-10-18T16:51:45","0","165","1316","cat:1536|tag:1537|tag:1539|tag:1441|tag:1540|tag:1538","","","","not reviewed",""
"product","1309","תחתיות לסיר","https://holypearl.co.il/product/%d7%aa%d7%97%d7%aa%d7%99%d7%95%d7%aa-%d7%9c%d7%a1%d7%99%d7%a8/","2020-04-27T18:16:44","2020-05-03T21:15:57","0","27","1310","cat:1535","","","","not reviewed",""
"product","1307","קופות צדקה פולי עץ ריבוע","https://holypearl.co.il/product/%d7%a7%d7%95%d7%a4%d7%95%d7%aa-%d7%a6%d7%93%d7%a7%d7%94-%d7%a4%d7%95%d7%9c%d7%99-%d7%a2%d7%a5-%d7%a8%d7%99%d7%91%d7%95%d7%a2/","2020-04-27T18:07:35","2020-05-03T21:13:02","0","0","1295","cat:1530|tag:1532","","","","not reviewed",""
"product","1305","קופות צדקה פולי עץ משושה","https://holypearl.co.il/product/%d7%a7%d7%95%d7%a4%d7%95%d7%aa-%d7%a6%d7%93%d7%a7%d7%94-%d7%a4%d7%95%d7%9c%d7%99-%d7%a2%d7%a5-%d7%9e%d7%a9%d7%95%d7%a9%d7%94/","2020-04-27T18:05:15","2020-05-03T21:12:30","0","0","1294","cat:1530|tag:1532","","","","not reviewed",""
"product","1303","קופות צדקה פולי עץ לבן ריבוע","https://holypearl.co.il/product/%d7%a7%d7%95%d7%a4%d7%95%d7%aa-%d7%a6%d7%93%d7%a7%d7%94-%d7%a4%d7%95%d7%9c%d7%99-%d7%a2%d7%a5-%d7%9c%d7%91%d7%9f-%d7%a8%d7%99%d7%91%d7%95%d7%a2/","2020-04-27T18:03:36","2022-06-21T15:30:50","0","0","1293","cat:1530|tag:1532","","","","not reviewed",""
"product","1301","קופות צדקה פולי עץ לבן משושה","https://holypearl.co.il/product/%d7%a7%d7%95%d7%a4%d7%95%d7%aa-%d7%a6%d7%93%d7%a7%d7%94-%d7%a4%d7%95%d7%9c%d7%99-%d7%a2%d7%a5-%d7%9c%d7%91%d7%9f-%d7%9e%d7%a9%d7%95%d7%a9%d7%94/","2020-04-27T18:02:16","2022-06-21T15:30:18","0","0","1292","cat:1530|tag:1532","","","","not reviewed",""
"product","1299","קופות צדקה פולי זכוכית משושה","https://holypearl.co.il/product/%d7%a7%d7%95%d7%a4%d7%95%d7%aa-%d7%a6%d7%93%d7%a7%d7%94-%d7%a4%d7%95%d7%9c%d7%99-%d7%96%d7%9b%d7%95%d7%9b%d7%99%d7%aa-%d7%9e%d7%a9%d7%95%d7%a9%d7%94/","2020-04-27T18:01:17","2020-05-03T21:09:19","0","0","1291","cat:1530|tag:1532","","","","not reviewed",""
"product","1297","קופות צדקה פולי זכוכית מעוטר","https://holypearl.co.il/product/%d7%a7%d7%95%d7%a4%d7%95%d7%aa-%d7%a6%d7%93%d7%a7%d7%94-%d7%a4%d7%95%d7%9c%d7%99-%d7%96%d7%9b%d7%95%d7%9b%d7%99%d7%aa-%d7%9e%d7%a2%d7%95%d7%98%d7%a8/","2020-04-27T17:59:39","2020-05-03T21:08:22","0","0","1290","cat:1530|tag:1532","","","","not reviewed",""
"product","1288","קופות צדקה פולי זכוכית","https://holypearl.co.il/product/%d7%a7%d7%95%d7%a4%d7%95%d7%aa-%d7%a6%d7%93%d7%a7%d7%94-%d7%a4%d7%95%d7%9c%d7%99-%d7%96%d7%9b%d7%95%d7%9b%d7%99%d7%aa/","2020-04-27T17:59:28","2020-05-03T21:07:54","0","0","1289","cat:1530","","","","not reviewed",""
"product","1270","פמוטים בצורת כדור","https://holypearl.co.il/product/%d7%a4%d7%9e%d7%95%d7%98%d7%99%d7%9d-%d7%91%d7%a6%d7%95%d7%a8%d7%aa-%d7%9b%d7%93%d7%95%d7%a8/","2020-04-27T17:44:58","2020-05-07T19:36:07","0","85","1265","cat:1567|tag:1526|tag:1516","","","","not reviewed",""
"product","1262","פמוטים בצורת חבית","https://holypearl.co.il/product/%d7%a4%d7%9e%d7%95%d7%98%d7%99%d7%9d-%d7%91%d7%a6%d7%95%d7%a8%d7%aa-%d7%97%d7%91%d7%99%d7%aa/","2020-04-27T17:44:33","2020-05-07T19:35:54","0","14","1263","cat:1567|tag:1526|tag:1525|tag:1516","","","","not reviewed",""
"product","1258","נטלה רימונים","https://holypearl.co.il/product/%d7%a0%d7%98%d7%9c%d7%94-%d7%a8%d7%99%d7%9e%d7%95%d7%a0%d7%99%d7%9d/","2020-04-27T17:20:37","2020-05-03T21:00:26","0","0","1242","cat:1447|cat:1629|tag:1522|tag:1521","","","","not reviewed",""
"product","1254","נטלה ירושלים לבן","https://holypearl.co.il/product/%d7%a0%d7%98%d7%9c%d7%94-%d7%99%d7%a8%d7%95%d7%a9%d7%9c%d7%99%d7%9d-%d7%9c%d7%91%d7%9f/","2020-04-27T17:17:14","2020-05-07T19:54:10","0","0","1240","cat:1447|cat:1629|tag:1522|tag:1521","","","","not reviewed",""
"product","1250","נטלה חבלים","https://holypearl.co.il/product/%d7%a0%d7%98%d7%9c%d7%94-%d7%97%d7%91%d7%9c%d7%99%d7%9d/","2020-04-27T17:15:31","2020-05-03T20:57:47","0","0","1237","cat:1629|tag:1522|tag:1521","","","","not reviewed",""
"product","1246","נטלה בשילוב שברי זכוכית","https://holypearl.co.il/product/%d7%a0%d7%98%d7%9c%d7%94-%d7%91%d7%a9%d7%99%d7%9c%d7%95%d7%91-%d7%a9%d7%91%d7%a8%d7%99-%d7%96%d7%9b%d7%95%d7%9b%d7%99%d7%aa/","2020-04-27T17:12:59","2020-05-03T20:58:15","0","0","1233","cat:1447|cat:1629|tag:1522|tag:1521","","","","not reviewed",""
"product","1231","נטלה עם פס שברי זכוכית","https://holypearl.co.il/product/%d7%a0%d7%98%d7%9c%d7%94-%d7%a2%d7%9d-%d7%a4%d7%a1-%d7%a9%d7%91%d7%a8%d7%99-%d7%96%d7%9b%d7%95%d7%9b%d7%99%d7%aa/","2020-04-27T17:12:45","2020-05-03T20:53:58","0","0","1236","cat:1629|tag:1522|tag:1521","","","","not reviewed",""
"product","1228","מעמד למפיות לבן","https://holypearl.co.il/product/%d7%9e%d7%a2%d7%9e%d7%93-%d7%9c%d7%9e%d7%a4%d7%99%d7%95%d7%aa-%d7%9c%d7%91%d7%9f/","2020-04-27T17:05:32","2020-05-07T19:30:04","0","30","1229","cat:1557|tag:1482|tag:1515|tag:1516|tag:1514","","","","not reviewed",""
"product","1219","ראנר שולחן – שבת קודש","https://holypearl.co.il/product/%d7%a8%d7%90%d7%a0%d7%a8-%d7%a9%d7%95%d7%9c%d7%97%d7%9f-%d7%a9%d7%91%d7%aa-%d7%a7%d7%95%d7%93%d7%a9/","2020-04-27T16:56:03","2020-05-07T19:54:00","0","81","1208","cat:1558|tag:1494|tag:1515|tag:1516|tag:1514","","","","not reviewed",""
"product","1213","ראנר שולחן – שבת ויום טוב","https://holypearl.co.il/product/%d7%a8%d7%90%d7%a0%d7%a8-%d7%a9%d7%95%d7%9c%d7%97%d7%9f-%d7%a9%d7%91%d7%aa-%d7%95%d7%99%d7%95%d7%9d-%d7%98%d7%95%d7%91/","2020-04-27T16:46:50","2020-05-03T20:49:19","0","81","1207","cat:1558|tag:1494|tag:1515|tag:1516|tag:1514","","","","not reviewed",""
"product","1202","ראנר שולחן – מנדלה","https://holypearl.co.il/product/%d7%a8%d7%90%d7%a0%d7%a8-%d7%a9%d7%95%d7%9c%d7%97%d7%9f-%d7%9e%d7%a0%d7%93%d7%9c%d7%94/","2020-04-27T16:38:13","2020-05-03T20:45:52","0","81","1206","cat:1558|tag:1494|tag:1515|tag:1516|tag:1514","","","","not reviewed",""
"product","1197","ספר תורה – ציפוי כסף","https://holypearl.co.il/product/%d7%a4%d7%a1%d7%9c%d7%95%d7%9f-%d7%a1%d7%a4%d7%a8-%d7%aa%d7%95%d7%a8%d7%94/","2020-04-27T16:35:22","2020-05-03T20:36:17","0","42","1201","cat:1488|cat:1447|tag:1494|tag:1495|tag:1493","","","","not reviewed",""
"product","1189","יד מחזיקה כדור ירושלים כסף","https://holypearl.co.il/product/%d7%99%d7%93-%d7%9e%d7%97%d7%96%d7%99%d7%a7%d7%94-%d7%9b%d7%93%d7%95%d7%a8-%d7%99%d7%a8%d7%95%d7%a9%d7%9c%d7%99%d7%9d-%d7%9b%d7%a1%d7%a3/","2020-04-27T16:31:15","2020-05-03T20:32:42","0","80","1194","cat:1488|cat:1447|tag:1494|tag:1495|tag:1493","","","","not reviewed",""
"product","1173","ירושלים פנרומה כסף","https://holypearl.co.il/product/%d7%99%d7%a8%d7%95%d7%a9%d7%9c%d7%99%d7%9d-%d7%a4%d7%a0%d7%a8%d7%95%d7%9e%d7%94-%d7%9b%d7%a1%d7%a3/","2020-04-27T16:22:35","2020-05-03T20:30:22","0","98","1178","cat:1488|cat:1447|tag:1494|tag:1495|tag:1493","","","","not reviewed",""
"product","1163","חסידים – נגנים","https://holypearl.co.il/product/%d7%97%d7%a1%d7%99%d7%93%d7%99%d7%9d-%d7%a0%d7%92%d7%a0%d7%99%d7%9d/","2020-04-27T16:17:18","2020-05-03T20:33:04","0","71","1133","cat:1488|cat:1447|tag:1494|tag:1495|tag:1493","","","","not reviewed",""
"product","1152","פסלי עיצוב חסידי","https://holypearl.co.il/product/%d7%a4%d7%a1%d7%9c%d7%99-%d7%a2%d7%99%d7%a6%d7%95%d7%91-%d7%97%d7%a1%d7%99%d7%93%d7%99/","2020-04-27T16:11:56","2020-05-03T20:32:54","0","97","1132","cat:1488|cat:1447|tag:1494|tag:1495|tag:1493","","","","not reviewed",""
"product","1143","חסידים – כנרים","https://holypearl.co.il/product/%d7%97%d7%a1%d7%99%d7%93%d7%99%d7%9d-%d7%9b%d7%a0%d7%a8%d7%99%d7%9d/","2020-04-27T16:07:22","2020-05-03T20:22:07","0","107","1131","cat:1488|cat:1447|tag:1494|tag:1495|tag:1493","","","","not reviewed",""
"product","1129","חסידים – כלי נשיפה","https://holypearl.co.il/product/%d7%97%d7%a1%d7%99%d7%93%d7%99%d7%9d-%d7%9b%d7%9c%d7%99-%d7%a0%d7%a9%d7%99%d7%a4%d7%94/","2020-04-27T16:06:54","2020-05-03T20:15:13","0","41","1130","cat:1488|cat:1447|tag:1494|tag:1495|tag:1493","","","","not reviewed",""
"product","1126","כיפה קטיפה – שחורה","https://holypearl.co.il/product/%d7%9b%d7%99%d7%a4%d7%94-%d7%a7%d7%98%d7%99%d7%a4%d7%94-%d7%a9%d7%97%d7%95%d7%a8%d7%94/","2020-04-27T15:47:39","2022-06-21T14:22:25","0","0","1127","cat:1374|cat:1380|cat:1566|cat:1487|tag:1408|tag:1409|tag:1403","","","","not reviewed",""
"product","1072","כיסוי לפסח בצורת עגול","https://holypearl.co.il/product/%d7%9b%d7%99%d7%a1%d7%95%d7%99-%d7%9c%d7%a4%d7%a1%d7%97-%d7%91%d7%a6%d7%95%d7%a8%d7%aa-%d7%a2%d7%92%d7%95%d7%9c/","2020-04-24T18:25:30","2020-05-07T19:43:42","0","35","1074","cat:1481|tag:1482|tag:1484|tag:1483|tag:1485","","","","not reviewed",""
"product","1071","חנוכייה עגולה","https://holypearl.co.il/product/%d7%97%d7%a0%d7%95%d7%9b%d7%99%d7%99%d7%94-%d7%a2%d7%92%d7%95%d7%9c%d7%94/","2020-04-24T17:37:37","2020-05-07T19:27:17","0","32","1069","cat:1467|tag:1468|tag:1469|tag:1470","","","","not reviewed",""
"product","1063","חנוכיה חב”ד","https://holypearl.co.il/product/%d7%97%d7%a0%d7%95%d7%9b%d7%99%d7%94-%d7%97%d7%91%d7%93/","2020-04-24T17:34:14","2020-05-07T19:27:28","0","14","1067","cat:1467|tag:1468|tag:1469|tag:1470","","","","not reviewed",""
"product","1059","ספר ברכת הבית (עברית / English)","https://holypearl.co.il/product/%d7%a1%d7%a4%d7%a8-%d7%91%d7%a8%d7%9b%d7%aa-%d7%94%d7%91%d7%99%d7%aa-%d7%a2%d7%91%d7%a8%d7%99%d7%aa-english/","2020-04-24T17:17:18","2020-05-03T18:59:29","25","14","1050","cat:1488|cat:1447|tag:1450|tag:1449|tag:1448|tag:1458","","","","not reviewed",""
"product","1055","נבל דויד אמייל בשילוב אבני חושן וירושלים","https://holypearl.co.il/product/%d7%a0%d7%91%d7%9c-%d7%93%d7%95%d7%99%d7%93-%d7%90%d7%9e%d7%99%d7%99%d7%9c-%d7%91%d7%a9%d7%99%d7%9c%d7%95%d7%91-%d7%90%d7%91%d7%a0%d7%99-%d7%97%d7%95%d7%a9%d7%9f-%d7%95%d7%99%d7%a8%d7%95%d7%a9%d7%9c/","2020-04-24T17:12:06","2020-05-03T18:59:36","14","14","1049","cat:1488|cat:1447|tag:1436|tag:1458","","","","not reviewed",""
"product","1042","ברכה מעוצבת בצורת פעמון לתלייה (הבית, העסק, אשת חייל)","https://holypearl.co.il/product/%d7%91%d7%a8%d7%9b%d7%94-%d7%9e%d7%a2%d7%95%d7%a6%d7%91%d7%aa-%d7%91%d7%a6%d7%95%d7%a8%d7%aa-%d7%a4%d7%a2%d7%9e%d7%95%d7%9f-%d7%9c%d7%aa%d7%9c%d7%99%d7%99%d7%94-%d7%94%d7%91%d7%99%d7%aa-%d7%94%d7%a2/","2020-04-24T17:11:13","2020-05-03T18:59:41","0","14","1044","cat:1556|cat:1447|tag:1456|tag:1457|tag:1443|tag:1448|tag:1444","","","","not reviewed",""
"product","1040","ברכת שפע בריאות אושר","https://holypearl.co.il/product/%d7%91%d7%a8%d7%9b%d7%aa-%d7%a9%d7%a4%d7%a2-%d7%91%d7%a8%d7%99%d7%90%d7%95%d7%aa-%d7%90%d7%95%d7%a9%d7%a8/","2020-04-24T16:58:07","2020-05-03T18:57:05","33","41","1038","cat:1556|tag:1436|tag:1443|tag:1448","","","","not reviewed",""
"product","1035","ברכת הבית לתלייה בצורת רימון אמייל","https://holypearl.co.il/product/%d7%91%d7%a8%d7%9b%d7%aa-%d7%94%d7%91%d7%99%d7%aa-%d7%9c%d7%aa%d7%9c%d7%99%d7%99%d7%94-%d7%91%d7%a6%d7%95%d7%a8%d7%aa-%d7%a8%d7%99%d7%9e%d7%95%d7%9f-%d7%90%d7%9e%d7%99%d7%99%d7%9c/","2020-04-24T16:55:41","2020-05-03T18:52:29","44","41","1037","cat:1556|tag:1436|tag:1443|tag:1448","","","","not reviewed",""
"product","1029","ברכת העסק לתלייה בצורת רימון","https://holypearl.co.il/product/%d7%91%d7%a8%d7%9b%d7%aa-%d7%94%d7%a2%d7%a1%d7%a7-%d7%9c%d7%aa%d7%9c%d7%99%d7%99%d7%94-%d7%91%d7%a6%d7%95%d7%a8%d7%aa-%d7%a8%d7%99%d7%9e%d7%95%d7%9f/","2020-04-24T16:51:26","2020-05-03T18:57:52","0","43","1033","cat:1556|cat:1447|tag:1443|tag:1444|tag:1442","","","","not reviewed",""
"product","1026","ברכת הבית לתלייה בצורת רימון","https://holypearl.co.il/product/%d7%91%d7%a8%d7%9b%d7%aa-%d7%94%d7%91%d7%99%d7%aa-%d7%9c%d7%aa%d7%9c%d7%99%d7%99%d7%94-%d7%91%d7%a6%d7%95%d7%a8%d7%aa-%d7%a8%d7%99%d7%9e%d7%95%d7%9f/","2020-04-24T16:50:26","2020-05-03T18:58:02","0","41","1027","cat:1556|cat:1447|tag:1443|tag:1448|tag:1442","","","","not reviewed",""
"product","1021","ברכת הבית עגול לתלייה (אנגלית)","https://holypearl.co.il/product/%d7%91%d7%a8%d7%9b%d7%aa-%d7%94%d7%91%d7%99%d7%aa-%d7%a2%d7%92%d7%95%d7%9c-%d7%9c%d7%aa%d7%9c%d7%99%d7%99%d7%94-%d7%90%d7%a0%d7%92%d7%9c%d7%99%d7%aa/","2020-04-24T16:47:21","2020-05-03T18:58:26","25","47","1025","cat:1556|cat:1447|tag:1450|tag:1449|tag:1443|tag:1448","","","","not reviewed",""
"product","1014","ברכת העסק עגול לתלייה","https://holypearl.co.il/product/%d7%91%d7%a8%d7%9b%d7%aa-%d7%94%d7%a2%d7%a1%d7%a7-%d7%a2%d7%92%d7%95%d7%9c-%d7%9c%d7%aa%d7%9c%d7%99%d7%99%d7%94/","2020-04-24T16:36:22","2020-05-03T18:58:40","0","14","978","cat:1556|cat:1447|tag:1443|tag:1444|tag:1442","","","","not reviewed",""
"product","1006","ברכה לתלייה ""פותח את ידיך…"" אדום","https://holypearl.co.il/product/blessred/","2020-04-24T14:57:37","2020-05-03T18:59:16","0","18","1008","cat:1556|tag:1439|tag:1437|tag:1440","","","","not reviewed",""
"product","993","ברכת הבית אמייל מעוצבת להתלייה","https://holypearl.co.il/product/%d7%91%d7%a8%d7%9b%d7%aa-%d7%94%d7%91%d7%99%d7%aa-%d7%90%d7%9e%d7%99%d7%99%d7%9c-%d7%9e%d7%a2%d7%95%d7%a6%d7%91%d7%aa-%d7%9c%d7%94%d7%aa%d7%9c%d7%99%d7%99%d7%94/","2020-04-24T14:38:26","2020-05-03T18:47:17","0","37","989","cat:1556|cat:1566|tag:1436|tag:1439|tag:1437","","","","not reviewed",""
"product","980","""אם אשכחך ירושלים"" לתלייה מעוצב","https://holypearl.co.il/product/%d7%90%d7%9d-%d7%90%d7%a9%d7%9b%d7%97%d7%9a-%d7%99%d7%a8%d7%95%d7%a9%d7%9c%d7%99%d7%9d-%d7%9c%d7%aa%d7%9c%d7%99%d7%99%d7%94-%d7%9e%d7%a2%d7%95%d7%a6%d7%91/","2020-04-24T14:23:23","2020-05-03T18:45:33","0","35","986","cat:1488|cat:1447|tag:1436|tag:1437","","","","not reviewed",""
"product","974","סט פמוטים גבוה","https://holypearl.co.il/product/%d7%a1%d7%98-%d7%a4%d7%9e%d7%95%d7%98%d7%99%d7%9d-%d7%92%d7%91%d7%95%d7%94/","2020-04-23T17:30:00","2020-05-07T19:35:41","0","32","975","cat:1567","","","","not reviewed",""
"product","973","כיסוי תפילין וטלית בד","https://holypearl.co.il/product/%d7%9b%d7%99%d7%a1%d7%95%d7%99-%d7%aa%d7%a4%d7%99%d7%9c%d7%99%d7%9f-%d7%95%d7%98%d7%9c%d7%99%d7%aa-%d7%91%d7%93/","2020-04-23T17:25:34","2020-05-03T18:25:13","0","33","955","cat:1396","","","","not reviewed",""
"product","972","כיסוי תפילין וטלית קטיפה","https://holypearl.co.il/product/%d7%9b%d7%99%d7%a1%d7%95%d7%99-%d7%aa%d7%a4%d7%99%d7%9c%d7%99%d7%9f-%d7%95%d7%98%d7%9c%d7%99%d7%aa-%d7%a7%d7%98%d7%99%d7%a4%d7%94/","2020-04-23T17:24:10","2020-05-07T19:30:25","0","25","952","cat:1396","","","","not reviewed",""
"product","971","סט כיסוי קטיפה על רקע ירושלים","https://holypearl.co.il/product/%d7%a1%d7%98-%d7%9b%d7%99%d7%a1%d7%95%d7%99-%d7%a7%d7%98%d7%99%d7%a4%d7%94-%d7%a2%d7%9c-%d7%a8%d7%a7%d7%a2-%d7%99%d7%a8%d7%95%d7%a9%d7%9c%d7%99%d7%9d/","2020-04-23T17:20:09","2020-05-03T18:20:07","0","0","942","cat:1396","","","","not reviewed",""
"product","970","כיסוי תפילין וטלית דמוי עור","https://holypearl.co.il/product/%d7%9b%d7%99%d7%a1%d7%95%d7%99-%d7%aa%d7%a4%d7%99%d7%9c%d7%99%d7%9f-%d7%95%d7%98%d7%9c%d7%99%d7%aa-%d7%93%d7%9e%d7%95%d7%99-%d7%a2%d7%95%d7%a8-2/","2020-04-23T17:17:10","2020-05-08T13:45:24","0","56","937","cat:1396","","","","not reviewed",""
"product","965","סט 3 חלקים תפילין, טלית וצדקה","https://holypearl.co.il/product/%d7%a1%d7%98-3-%d7%97%d7%9c%d7%a7%d7%99%d7%9d-%d7%aa%d7%a4%d7%99%d7%9c%d7%99%d7%9f-%d7%98%d7%9c%d7%99%d7%aa-%d7%95%d7%a6%d7%93%d7%a7%d7%94/","2020-04-23T17:14:19","2020-05-03T18:18:56","0","61","932","cat:1396","","","","not reviewed",""
"product","964","כיסוי תפילין וטלית דמוי עור","https://holypearl.co.il/product/%d7%9b%d7%99%d7%a1%d7%95%d7%99-%d7%aa%d7%a4%d7%99%d7%9c%d7%99%d7%9f-%d7%95%d7%98%d7%9c%d7%99%d7%aa-%d7%93%d7%9e%d7%95%d7%99-%d7%a2%d7%95%d7%a8/","2020-04-23T17:12:03","2020-05-03T18:18:26","0","40","929","cat:1396","","","","not reviewed",""
"product","962","סט כיסוי תפילין וטלית ירושלים","https://holypearl.co.il/product/%d7%a1%d7%98-%d7%9b%d7%99%d7%a1%d7%95%d7%99-%d7%aa%d7%a4%d7%99%d7%9c%d7%99%d7%9f-%d7%95%d7%98%d7%9c%d7%99%d7%aa-%d7%99%d7%a8%d7%95%d7%a9%d7%9c%d7%99%d7%9d/","2020-04-23T17:10:22","2020-05-03T18:21:45","0","62","926","cat:1396","","","","not reviewed",""
"product","961","כיסוי תפלין וטלית בד","https://holypearl.co.il/product/%d7%9b%d7%99%d7%a1%d7%95%d7%99-%d7%aa%d7%a4%d7%9c%d7%99%d7%9f-%d7%95%d7%98%d7%9c%d7%99%d7%aa-%d7%91%d7%93/","2020-04-23T17:08:17","2020-05-03T18:10:02","0","10","923","cat:1396","","","","not reviewed",""
"product","959","כיסוי תפילין וטלית דמוי עור כחול","https://holypearl.co.il/product/%d7%9b%d7%99%d7%a1%d7%95%d7%99-%d7%aa%d7%a4%d7%99%d7%9c%d7%99%d7%9f-%d7%95%d7%98%d7%9c%d7%99%d7%aa-%d7%93%d7%9e%d7%95%d7%99-%d7%a2%d7%95%d7%a8-%d7%9b%d7%97%d7%95%d7%9c/","2020-04-23T17:03:30","2020-05-03T18:14:14","0","51","921","cat:1396|cat:1566","","","","not reviewed",""
"product","958","סט טלית ותפילין עם ספירלה","https://holypearl.co.il/product/%d7%a1%d7%98-%d7%98%d7%9c%d7%99%d7%aa-%d7%95%d7%aa%d7%a4%d7%99%d7%9c%d7%99%d7%9f-%d7%a2%d7%9d-%d7%a1%d7%a4%d7%99%d7%a8%d7%9c%d7%94/","2020-04-23T17:01:30","2020-05-08T13:45:45","0","52","918","cat:1396|cat:1566","","","","not reviewed",""
"product","914","סט תפילין וטלית אפור","https://holypearl.co.il/product/%d7%a1%d7%98-%d7%90%d7%a4%d7%95%d7%a8/","2020-04-23T16:59:21","2020-05-03T18:05:50","0","31","915","cat:1396","","","","not reviewed",""
"product","913","כיפה רקמה תכלת","https://holypearl.co.il/product/%d7%9b%d7%99%d7%a4%d7%94-%d7%a8%d7%a7%d7%9e%d7%94-%d7%aa%d7%9b%d7%9c%d7%aa/","2020-04-23T16:52:19","2020-05-03T18:04:39","0","70","896","cat:1414","","","","not reviewed",""
"product","912","כיפה סטן עם פס","https://holypearl.co.il/product/%d7%9b%d7%99%d7%a4%d7%94-%d7%a1%d7%98%d7%9f-%d7%a2%d7%9d-%d7%a4%d7%a1/","2020-04-23T16:51:36","2020-05-03T18:01:32","0","94","894","cat:1414|tag:1409|tag:1419|tag:1441|tag:1403","","","","not reviewed",""
"product","911","כיפה סטן מגן דוד","https://holypearl.co.il/product/%d7%9b%d7%99%d7%a4%d7%94-%d7%a1%d7%98%d7%9f-%d7%9e%d7%92%d7%9f-%d7%93%d7%95%d7%93/","2020-04-23T16:49:07","2020-05-03T18:02:31","0","103","893","cat:1414","","","","not reviewed",""
"product","910","כיפה סטן חלקה","https://holypearl.co.il/product/%d7%9b%d7%99%d7%a4%d7%94-%d7%a1%d7%98%d7%9f-%d7%97%d7%9c%d7%a7%d7%94/","2020-04-23T16:47:48","2020-05-03T17:55:38","0","70","892","cat:1414","","","","not reviewed",""
"product","907","כיפה מקושטת באבנים","https://holypearl.co.il/product/%d7%9b%d7%99%d7%a4%d7%94-%d7%9e%d7%a7%d7%95%d7%a9%d7%98%d7%aa-%d7%91%d7%90%d7%91%d7%a0%d7%99%d7%9d/","2020-04-23T16:46:44","2020-05-03T17:56:00","0","99","891","cat:1414","","","","not reviewed",""
"product","906","כיפה מעוצבת","https://holypearl.co.il/product/%d7%9b%d7%99%d7%a4%d7%94-%d7%9e%d7%a2%d7%95%d7%a6%d7%91%d7%aa/","2020-04-23T16:44:37","2020-05-03T17:56:07","0","70","890","cat:1414","","","","not reviewed",""
"product","905","כיפה מעוטרת עם אבנים","https://holypearl.co.il/product/%d7%9b%d7%99%d7%a4%d7%94-%d7%9e%d7%a2%d7%95%d7%98%d7%a8%d7%aa-%d7%a2%d7%9d-%d7%90%d7%91%d7%a0%d7%99%d7%9d/","2020-04-23T16:43:16","2020-05-03T17:47:18","0","95","888","cat:1414","","","","not reviewed",""
"product","903","כיפה מעוטרת מעויינים קטנים","https://holypearl.co.il/product/%d7%9b%d7%99%d7%a4%d7%94-%d7%9e%d7%a2%d7%95%d7%98%d7%a8%d7%aa-%d7%9e%d7%a2%d7%95%d7%99%d7%99%d7%a0%d7%99%d7%9d-%d7%a7%d7%98%d7%a0%d7%99%d7%9d/","2020-04-23T16:42:04","2020-05-03T17:47:13","0","101","887","cat:1414","","","","not reviewed",""
"product","901","כיפה מוקפת מגני דוד","https://holypearl.co.il/product/%d7%9b%d7%99%d7%a4%d7%94-%d7%9e%d7%95%d7%a7%d7%a4%d7%aa-%d7%9e%d7%92%d7%a0%d7%99-%d7%93%d7%95%d7%99%d7%93/","2020-04-23T16:40:11","2020-05-07T19:56:28","0","121","885","cat:1414|tag:1416|tag:1409|tag:1418|tag:1415","","","","not reviewed",""
"product","900","כיפה מגן דוד כסף","https://holypearl.co.il/product/%d7%9b%d7%99%d7%a4%d7%94-%d7%9e%d7%92%d7%9f-%d7%93%d7%95%d7%93-%d7%9b%d7%a1%d7%a3/","2020-04-23T16:31:20","2020-05-03T17:47:56","0","116","884","cat:1414|tag:1409|tag:1419|tag:1418|tag:1417|tag:1415","","","","not reviewed",""
"product","899","כיפה חוט כסף","https://holypearl.co.il/product/%d7%9b%d7%99%d7%a4%d7%94-%d7%97%d7%95%d7%98-%d7%9b%d7%a1%d7%a3/","2020-04-23T16:29:09","2020-05-03T17:19:25","0","110","883","cat:1414|tag:1409|tag:1419|tag:1418","","","","not reviewed",""
"product","898","כיפה זיגזגים זהב","https://holypearl.co.il/product/%d7%9b%d7%99%d7%a4%d7%94-%d7%96%d7%99%d7%92%d7%96%d7%92%d7%99%d7%9d-%d7%96%d7%94%d7%91/","2020-04-23T16:28:01","2020-05-07T19:56:44","0","21","882","cat:1414|tag:1416|tag:1409|tag:1419|tag:1418|tag:1417|tag:1403","","","","not reviewed",""
"product","880","כיפה סטאן – לבנה","https://holypearl.co.il/product/%d7%9b%d7%99%d7%a4%d7%94-%d7%a1%d7%98%d7%90%d7%9f-%d7%9c%d7%91%d7%a0%d7%94/","2020-04-23T16:24:36","2020-05-07T19:56:58","0","92","881","cat:1414|tag:1416|tag:1409|tag:1419|tag:1418|tag:1417|tag:1403|tag:1415","","","","not reviewed",""
"product","859","כיפה כחולה עם נקודות","https://holypearl.co.il/product/kippa-blue/","2020-04-23T15:46:42","2020-05-06T17:13:10","0","43","863","cat:1608|tag:1409|tag:1403|tag:1410","","","","not reviewed",""
"product_category","","https://holypearl.co.il/product-category/men/kipot/","https://holypearl.co.il/product-category/men/kipot/","","","","","","","","","","not reviewed",""
"product_category","","https://holypearl.co.il/product-category/men/tpilin/","https://holypearl.co.il/product-category/men/tpilin/","","","","","","","","","","not reviewed",""
"product_category","","https://holypearl.co.il/product-category/men/","https://holypearl.co.il/product-category/men/","","","","","","","","","","not reviewed",""
"product_category","","https://holypearl.co.il/product-category/klibit/havdala/","https://holypearl.co.il/product-category/klibit/havdala/","","","","","","","","","","not reviewed",""
"product_category","","https://holypearl.co.il/product-category/women/","https://holypearl.co.il/product-category/women/","","","","","","","","","","not reviewed",""
"product_category","","https://holypearl.co.il/product-category/mizoza/","https://holypearl.co.il/product-category/mizoza/","","","","","","","","","","not reviewed",""
"product_category","","https://holypearl.co.il/product-category/sale/","https://holypearl.co.il/product-category/sale/","","","","","","","","","","not reviewed",""
"product_category","","https://holypearl.co.il/product-category/klibit/","https://holypearl.co.il/product-category/klibit/","","","","","","","","","","not reviewed",""
"product_category","","https://holypearl.co.il/product-category/talit/","https://holypearl.co.il/product-category/talit/","","","","","","","","","","not reviewed",""
"product_category","","https://holypearl.co.il/product-category/men/ttcovers/","https://holypearl.co.il/product-category/men/ttcovers/","","","","","","","","","","not reviewed",""
"product_category","","https://holypearl.co.il/product-category/women/womenbook/","https://holypearl.co.il/product-category/women/womenbook/","","","","","","","","","","not reviewed",""
"product_category","","https://holypearl.co.il/product-category/shabat/","https://holypearl.co.il/product-category/shabat/","","","","","","","","","","not reviewed",""
"product_category","","https://holypearl.co.il/product-category/men/book/","https://holypearl.co.il/product-category/men/book/","","","","","","","","","","not reviewed",""
"product_category","","https://holypearl.co.il/product-category/men/kipot/כיפה-סטן/","https://holypearl.co.il/product-category/men/kipot/כיפה-סטן/","","","","","","","","","","not reviewed",""
"product_category","","https://holypearl.co.il/product-category/מתנות-לתיירים/","https://holypearl.co.il/product-category/מתנות-לתיירים/","","","","","","","","","","not reviewed",""
"product_category","","https://holypearl.co.il/product-category/חגים-ויום-טוב/","https://holypearl.co.il/product-category/חגים-ויום-טוב/","","","","","","","","","","not reviewed",""
"product_category","","https://holypearl.co.il/product-category/חגים-ויום-טוב/חנוכיות/","https://holypearl.co.il/product-category/חגים-ויום-טוב/חנוכיות/","","","","","","","","","","not reviewed",""
"product_category","","https://holypearl.co.il/product-category/חגים-ויום-טוב/כיסויים-לפסח/","https://holypearl.co.il/product-category/חגים-ויום-טוב/כיסויים-לפסח/","","","","","","","","","","not reviewed",""
"product_category","","https://holypearl.co.il/product-category/men/kipot/קטיפה/","https://holypearl.co.il/product-category/men/kipot/קטיפה/","","","","","","","","","","not reviewed",""
"product_category","","https://holypearl.co.il/product-category/klibit/דברי-נוי-חסידי/","https://holypearl.co.il/product-category/klibit/דברי-נוי-חסידי/","","","","","","","","","","not reviewed",""
"product_category","","https://holypearl.co.il/product-category/shabat/מאורות/","https://holypearl.co.il/product-category/shabat/מאורות/","","","","","","","","","","not reviewed",""
"product_category","","https://holypearl.co.il/product-category/klibit/קופות-צדקה/","https://holypearl.co.il/product-category/klibit/קופות-צדקה/","","","","","","","","","","not reviewed",""
"product_category","","https://holypearl.co.il/product-category/klibit/תחתיות-לסירים/","https://holypearl.co.il/product-category/klibit/תחתיות-לסירים/","","","","","","","","","","not reviewed",""
"product_category","","https://holypearl.co.il/product-category/sale/ערכות-לאירועים-מיוחדים/","https://holypearl.co.il/product-category/sale/ערכות-לאירועים-מיוחדים/","","","","","","","","","","not reviewed",""
"product_category","","https://holypearl.co.il/product-category/mizoza/בית-מזוזה/","https://holypearl.co.il/product-category/mizoza/בית-מזוזה/","","","","","","","","","","not reviewed",""
"product_category","","https://holypearl.co.il/product-category/mizoza/קלף-ספרדי/","https://holypearl.co.il/product-category/mizoza/קלף-ספרדי/","","","","","","","","","","not reviewed",""
"product_category","","https://holypearl.co.il/product-category/mizoza/קלף-אשכנזי/","https://holypearl.co.il/product-category/mizoza/קלף-אשכנזי/","","","","","","","","","","not reviewed",""
"product_category","","https://holypearl.co.il/product-category/men/סטנדר/","https://holypearl.co.il/product-category/men/סטנדר/","","","","","","","","","","not reviewed",""
"product_category","","https://holypearl.co.il/product-category/klibit/ברכות-לתלייה/","https://holypearl.co.il/product-category/klibit/ברכות-לתלייה/","","","","","","","","","","not reviewed",""
"product_category","","https://holypearl.co.il/product-category/klibit/מעמד-למפיות/","https://holypearl.co.il/product-category/klibit/מעמד-למפיות/","","","","","","","","","","not reviewed",""
"product_category","","https://holypearl.co.il/product-category/klibit/ראנר-לשולחן/","https://holypearl.co.il/product-category/klibit/ראנר-לשולחן/","","","","","","","","","","not reviewed",""
"product_category","","https://holypearl.co.il/product-category/klibit/כיסוי-לפלטה/","https://holypearl.co.il/product-category/klibit/כיסוי-לפלטה/","","","","","","","","","","not reviewed",""
"product_category","","https://holypearl.co.il/product-category/klibit/חמסות/","https://holypearl.co.il/product-category/klibit/חמסות/","","","","","","","","","","not reviewed",""
"product_category","","https://holypearl.co.il/product-category/sale/מבצעים-חמים/","https://holypearl.co.il/product-category/sale/מבצעים-חמים/","","","","","","","","","","not reviewed",""
"product_category","","https://holypearl.co.il/product-category/shabat/פמוטים/","https://holypearl.co.il/product-category/shabat/פמוטים/","","","","","","","","","","not reviewed",""
"product_category","","https://holypearl.co.il/product-category/חגים-ויום-טוב/מחזורים-חגים-ויום-טוב/","https://holypearl.co.il/product-category/חגים-ויום-טוב/מחזורים-חגים-ויום-טוב/","","","","","","","","","","not reviewed",""
"product_category","","https://holypearl.co.il/product-category/klibit/גביע-קידוש/","https://holypearl.co.il/product-category/klibit/גביע-קידוש/","","","","","","","","","","not reviewed",""
"product_category","","https://holypearl.co.il/product-category/klibit/מעמד-לברכונים/","https://holypearl.co.il/product-category/klibit/מעמד-לברכונים/","","","","","","","","","","not reviewed",""
"product_category","","https://holypearl.co.il/product-category/klibit/משפכים/","https://holypearl.co.il/product-category/klibit/משפכים/","","","","","","","","","","not reviewed",""
"product_category","","https://holypearl.co.il/product-category/men/kipot/עבודת-יד/","https://holypearl.co.il/product-category/men/kipot/עבודת-יד/","","","","","","","","","","not reviewed",""
"product_category","","https://holypearl.co.il/product-category/klibit/נטלות/","https://holypearl.co.il/product-category/klibit/נטלות/","","","","","","","","","","not reviewed",""
"product_category","","https://holypearl.co.il/product-category/klibit/מגש-לחלה/","https://holypearl.co.il/product-category/klibit/מגש-לחלה/","","","","","","","","","","not reviewed",""
"product_tag","","https://holypearl.co.il/product-tag/men/","https://holypearl.co.il/product-tag/men/","","","","","","","","","","not reviewed",""
"product_tag","","https://holypearl.co.il/product-tag/man/","https://holypearl.co.il/product-tag/man/","","","","","","","","","","not reviewed",""
"product_tag","","https://holypearl.co.il/product-tag/כיפה/","https://holypearl.co.il/product-tag/כיפה/","","","","","","","","","","not reviewed",""
"product_tag","","https://holypearl.co.il/product-tag/עבודת-יד/","https://holypearl.co.il/product-tag/עבודת-יד/","","","","","","","","","","not reviewed",""
"product_tag","","https://holypearl.co.il/product-tag/עמי/","https://holypearl.co.il/product-tag/עמי/","","","","","","","","","","not reviewed",""
"product_tag","","https://holypearl.co.il/product-tag/גבר/","https://holypearl.co.il/product-tag/גבר/","","","","","","","","","","not reviewed",""
"product_tag","","https://holypearl.co.il/product-tag/כיפות-לגבר/","https://holypearl.co.il/product-tag/כיפות-לגבר/","","","","","","","","","","not reviewed",""
"product_tag","","https://holypearl.co.il/product-tag/כיפה-סאטן/","https://holypearl.co.il/product-tag/כיפה-סאטן/","","","","","","","","","","not reviewed",""
"product_tag","","https://holypearl.co.il/product-tag/כיפה-לאירועים/","https://holypearl.co.il/product-tag/כיפה-לאירועים/","","","","","","","","","","not reviewed",""
"product_tag","","https://holypearl.co.il/product-tag/אמייל/","https://holypearl.co.il/product-tag/אמייל/","","","","","","","","","","not reviewed",""
"product_tag","","https://holypearl.co.il/product-tag/חיתוך-אותיות/","https://holypearl.co.il/product-tag/חיתוך-אותיות/","","","","","","","","","","not reviewed",""
"product_tag","","https://holypearl.co.il/product-tag/ברכות-לתלייה/","https://holypearl.co.il/product-tag/ברכות-לתלייה/","","","","","","","","","","not reviewed",""
"product_tag","","https://holypearl.co.il/product-tag/פותח-את-ידיך/","https://holypearl.co.il/product-tag/פותח-את-ידיך/","","","","","","","","","","not reviewed",""
"product_tag","","https://holypearl.co.il/product-tag/כיפה-סטן/","https://holypearl.co.il/product-tag/כיפה-סטן/","","","","","","","","","","not reviewed",""
"product_tag","","https://holypearl.co.il/product-tag/זכוכית/","https://holypearl.co.il/product-tag/זכוכית/","","","","","","","","","","not reviewed",""
"product_tag","","https://holypearl.co.il/product-tag/ברכה-לתלייה/","https://holypearl.co.il/product-tag/ברכה-לתלייה/","","","","","","","","","","not reviewed",""
"product_tag","","https://holypearl.co.il/product-tag/ברכת-העסק/","https://holypearl.co.il/product-tag/ברכת-העסק/","","","","","","","","","","not reviewed",""
"product_tag","","https://holypearl.co.il/product-tag/ברכת-הבית/","https://holypearl.co.il/product-tag/ברכת-הבית/","","","","","","","","","","not reviewed",""
"product_tag","","https://holypearl.co.il/product-tag/אנגלית/","https://holypearl.co.il/product-tag/אנגלית/","","","","","","","","","","not reviewed",""
"product_tag","","https://holypearl.co.il/product-tag/english/","https://holypearl.co.il/product-tag/english/","","","","","","","","","","not reviewed",""
"product_tag","","https://holypearl.co.il/product-tag/אקרילן/","https://holypearl.co.il/product-tag/אקרילן/","","","","","","","","","","not reviewed",""
"product_tag","","https://holypearl.co.il/product-tag/אשת-חייל/","https://holypearl.co.il/product-tag/אשת-חייל/","","","","","","","","","","not reviewed",""
"product_tag","","https://holypearl.co.il/product-tag/מתנה/","https://holypearl.co.il/product-tag/מתנה/","","","","","","","","","","not reviewed",""
"product_tag","","https://holypearl.co.il/product-tag/חנוכה/","https://holypearl.co.il/product-tag/חנוכה/","","","","","","","","","","not reviewed",""
"product_tag","","https://holypearl.co.il/product-tag/חנוכייה/","https://holypearl.co.il/product-tag/חנוכייה/","","","","","","","","","","not reviewed",""
"product_tag","","https://holypearl.co.il/product-tag/חנוכייה-עם-רגל/","https://holypearl.co.il/product-tag/חנוכייה-עם-רגל/","","","","","","","","","","not reviewed",""
"product_tag","","https://holypearl.co.il/product-tag/חגים-ויום-טוב/","https://holypearl.co.il/product-tag/חגים-ויום-טוב/","","","","","","","","","","not reviewed",""
"product_tag","","https://holypearl.co.il/product-tag/פסח/","https://holypearl.co.il/product-tag/פסח/","","","","","","","","","","not reviewed",""
"product_tag","","https://holypearl.co.il/product-tag/ליל-הסדר/","https://holypearl.co.il/product-tag/ליל-הסדר/","","","","","","","","","","not reviewed",""
"product_tag","","https://holypearl.co.il/product-tag/קישוט-לשולחן-לפסח/","https://holypearl.co.il/product-tag/קישוט-לשולחן-לפסח/","","","","","","","","","","not reviewed",""
"product_tag","","https://holypearl.co.il/product-tag/עיצוב-חסידי/","https://holypearl.co.il/product-tag/עיצוב-חסידי/","","","","","","","","","","not reviewed",""
"product_tag","","https://holypearl.co.il/product-tag/דברי-נוי-לבית/","https://holypearl.co.il/product-tag/דברי-נוי-לבית/","","","","","","","","","","not reviewed",""
"product_tag","","https://holypearl.co.il/product-tag/מתנה-לאורח/","https://holypearl.co.il/product-tag/מתנה-לאורח/","","","","","","","","","","not reviewed",""
"product_tag","","https://holypearl.co.il/product-tag/שולחן-ערוך/","https://holypearl.co.il/product-tag/שולחן-ערוך/","","","","","","","","","","not reviewed",""
"product_tag","","https://holypearl.co.il/product-tag/עיצוב-לשולחן/","https://holypearl.co.il/product-tag/עיצוב-לשולחן/","","","","","","","","","","not reviewed",""
"product_tag","","https://holypearl.co.il/product-tag/שבת/","https://holypearl.co.il/product-tag/שבת/","","","","","","","","","","not reviewed",""
"product_tag","","https://holypearl.co.il/product-tag/נטלן/","https://holypearl.co.il/product-tag/נטלן/","","","","","","","","","","not reviewed",""
"product_tag","","https://holypearl.co.il/product-tag/נטילת-ידיים/","https://holypearl.co.il/product-tag/נטילת-ידיים/","","","","","","","","","","not reviewed",""
"product_tag","","https://holypearl.co.il/product-tag/פמוטים/","https://holypearl.co.il/product-tag/פמוטים/","","","","","","","","","","not reviewed",""
"product_tag","","https://holypearl.co.il/product-tag/כלי-כסף/","https://holypearl.co.il/product-tag/כלי-כסף/","","","","","","","","","","not reviewed",""
"product_tag","","https://holypearl.co.il/product-tag/צדקה-תציל-ממוות/","https://holypearl.co.il/product-tag/צדקה-תציל-ממוות/","","","","","","","","","","not reviewed",""
"product_tag","","https://holypearl.co.il/product-tag/בר-מצווה/","https://holypearl.co.il/product-tag/בר-מצווה/","","","","","","","","","","not reviewed",""
"product_tag","","https://holypearl.co.il/product-tag/תפילין/","https://holypearl.co.il/product-tag/תפילין/","","","","","","","","","","not reviewed",""
"product_tag","","https://holypearl.co.il/product-tag/טלית/","https://holypearl.co.il/product-tag/טלית/","","","","","","","","","","not reviewed",""
"product_tag","","https://holypearl.co.il/product-tag/סידור-מלא/","https://holypearl.co.il/product-tag/סידור-מלא/","","","","","","","","","","not reviewed",""
"product_tag","","https://holypearl.co.il/product-tag/חתונה/","https://holypearl.co.il/product-tag/חתונה/","","","","","","","","","","not reviewed",""
"product_tag","","https://holypearl.co.il/product-tag/מתחתן/","https://holypearl.co.il/product-tag/מתחתן/","","","","","","","","","","not reviewed",""
"product_tag","","https://holypearl.co.il/product-tag/סט-תפילין-וטלית/","https://holypearl.co.il/product-tag/סט-תפילין-וטלית/","","","","","","","","","","not reviewed",""
"product_tag","","https://holypearl.co.il/product-tag/בית-מזוזה/","https://holypearl.co.il/product-tag/בית-מזוזה/","","","","","","","","","","not reviewed",""
"product_tag","","https://holypearl.co.il/product-tag/מזוזה/","https://holypearl.co.il/product-tag/מזוזה/","","","","","","","","","","not reviewed",""
"product_tag","","https://holypearl.co.il/product-tag/אמיל/","https://holypearl.co.il/product-tag/אמיל/","","","","","","","","","","not reviewed",""
"product_tag","","https://holypearl.co.il/product-tag/כסף/","https://holypearl.co.il/product-tag/כסף/","","","","","","","","","","not reviewed",""
"product_tag","","https://holypearl.co.il/product-tag/מתכת/","https://holypearl.co.il/product-tag/מתכת/","","","","","","","","","","not reviewed",""
"product_tag","","https://holypearl.co.il/product-tag/מעמד-לספר/","https://holypearl.co.il/product-tag/מעמד-לספר/","","","","","","","","","","not reviewed",""
"product_tag","","https://holypearl.co.il/product-tag/חמסה/","https://holypearl.co.il/product-tag/חמסה/","","","","","","","","","","not reviewed",""
"product_tag","","https://holypearl.co.il/product-tag/עין-הרע/","https://holypearl.co.il/product-tag/עין-הרע/","","","","","","","","","","not reviewed",""
"product_tag","","https://holypearl.co.il/product-tag/נגד-עין-הרע/","https://holypearl.co.il/product-tag/נגד-עין-הרע/","","","","","","","","","","not reviewed",""
"product_tag","","https://holypearl.co.il/product-tag/כוונת-הלב/","https://holypearl.co.il/product-tag/כוונת-הלב/","","","","","","","","","","not reviewed",""
"product_tag","","https://holypearl.co.il/product-tag/עבודת-השם/","https://holypearl.co.il/product-tag/עבודת-השם/","","","","","","","","","","not reviewed",""
"product_tag","","https://holypearl.co.il/product-tag/רינת-ישראל/","https://holypearl.co.il/product-tag/רינת-ישראל/","","","","","","","","","","not reviewed",""
"product_tag","","https://holypearl.co.il/product-tag/סט-מחזורים/","https://holypearl.co.il/product-tag/סט-מחזורים/","","","","","","","","","","not reviewed",""
"product_tag","","https://holypearl.co.il/product-tag/קידוש/","https://holypearl.co.il/product-tag/קידוש/","","","","","","","","","","not reviewed",""
"product_tag","","https://holypearl.co.il/product-tag/גביע-מהודר/","https://holypearl.co.il/product-tag/גביע-מהודר/","","","","","","","","","","not reviewed",""
